Outbound From,Destination,ArrivalCountry,Inbound To,Departure Date,Return Date,Trip Duration (Days),Outbound Price,Inbound Price,Total Price,IATA_Departure,IATA_Destination,IATA_Return,Outbound_Link,Inbound_Link,Round_Trip_Link,Route,Month,AvgPrice,StdDev,z_score
Katowice,Agadir,Morocco,Katowice,27/10/2025,31/10/2025,4,219,225,444,KTW,AGA,KTW,https://www.skyscanner.pl/transport/loty/KTW/AGA/251027/?adultsv2=1&cabinclass=economy&childrenv2=&inboundaltsenabled=false&outboundaltsenabled=false&preferdirects=false&ref=home&rtn=0,https://www.skyscanner.pl/transport/loty/AGA/KTW/251031/?adultsv2=1&cabinclass=economy&childrenv2=&inboundaltsenabled=false&outboundaltsenabled=false&preferdirects=false&ref=home&rtn=0,https://www.skyscanner.pl/transport/loty/KTW/AGA/251027/251031/?adultsv2=1&cabinclass=economy&childrenv2=&ref=home&rtn=1&preferdirects=false&outboundaltsenabled=false&inboundaltsenabled=false,Katowice-Agadir,2025-10,5717.057416,989.0580487,-5.331393262
Katowice,Agadir,Morocco,Krakow,27/10/2025,29/10/2025,2,219,228,447,KTW,AGA,KRK,https://www.skyscanner.pl/transport/loty/KTW/AGA/251027/?adultsv2=1&cabinclass=economy&childrenv2=&inboundaltsenabled=false&outboundaltsenabled=false&preferdirects=false&ref=home&rtn=0,https://www.skyscanner.pl/transport/loty/AGA/KRK/251029/?adultsv2=1&cabinclass=economy&childrenv2=&inboundaltsenabled=false&outboundaltsenabled=false&preferdirects=false&ref=home&rtn=0,,Katowice-Agadir,2025-10,5717.057416,989.0580487,-5.328360073
Katowice,Agadir,Morocco,Gdansk,27/10/2025,29/10/2025,2,219,485,704,KTW,AGA,GDN,https://www.skyscanner.pl/transport/loty/KTW/AGA/251027/?adultsv2=1&cabinclass=economy&childrenv2=&inboundaltsenabled=false&outboundaltsenabled=false&preferdirects=false&ref=home&rtn=0,https://www.skyscanner.pl/transport/loty/AGA/GDN/251029/?adultsv2=1&cabinclass=economy&childrenv2=&inboundaltsenabled=false&outboundaltsenabled=false&preferdirects=false&ref=home&rtn=0,,Katowice-Agadir,2025-10,5717.057416,989.0580487,-5.068516881
Gdansk,Chisinau,Moldova,Wroclaw,16/10/2025,19/10/2025,3,661,81,742,GDN,RMO,WRO,https://www.skyscanner.pl/transport/loty/GDN/RMO/251016/?adultsv2=1&cabinclass=economy&childrenv2=&inboundaltsenabled=false&outboundaltsenabled=false&preferdirects=false&ref=home&rtn=0,https://www.skyscanner.pl/transport/loty/RMO/WRO/251019/?adultsv2=1&cabinclass=economy&childrenv2=&inboundaltsenabled=false&outboundaltsenabled=false&preferdirects=false&ref=home&rtn=0,,Gdansk-Chisinau,2025-10,847.3129771,21.69476504,-4.854303648
Krakow,Skopje,North Macedonia,Krakow,07/09/2025,09/09/2025,2,474,370,844,KRK,SKP,KRK,https://www.skyscanner.pl/transport/loty/KRK/SKP/250907/?adultsv2=1&cabinclass=economy&childrenv2=&inboundaltsenabled=false&outboundaltsenabled=false&preferdirects=false&ref=home&rtn=0,https://www.skyscanner.pl/transport/loty/SKP/KRK/250909/?adultsv2=1&cabinclass=economy&childrenv2=&inboundaltsenabled=false&outboundaltsenabled=false&preferdirects=false&ref=home&rtn=0,https://www.skyscanner.pl/transport/loty/KRK/SKP/250907/250909/?adultsv2=1&cabinclass=economy&childrenv2=&ref=home&rtn=1&preferdirects=false&outboundaltsenabled=false&inboundaltsenabled=false,Krakow-Skopje,2025-09,986.4351145,29.56675653,-4.817407495
Krakow,Skopje,North Macedonia,Krakow,04/09/2025,09/09/2025,5,474,370,844,KRK,SKP,KRK,https://www.skyscanner.pl/transport/loty/KRK/SKP/250904/?adultsv2=1&cabinclass=economy&childrenv2=&inboundaltsenabled=false&outboundaltsenabled=false&preferdirects=false&ref=home&rtn=0,https://www.skyscanner.pl/transport/loty/SKP/KRK/250909/?adultsv2=1&cabinclass=economy&childrenv2=&inboundaltsenabled=false&outboundaltsenabled=false&preferdirects=false&ref=home&rtn=0,https://www.skyscanner.pl/transport/loty/KRK/SKP/250904/250909/?adultsv2=1&cabinclass=economy&childrenv2=&ref=home&rtn=1&preferdirects=false&outboundaltsenabled=false&inboundaltsenabled=false,Krakow-Skopje,2025-09,986.4351145,29.56675653,-4.817407495
Krakow,Skopje,North Macedonia,Krakow,05/09/2025,09/09/2025,4,474,370,844,KRK,SKP,KRK,https://www.skyscanner.pl/transport/loty/KRK/SKP/250905/?adultsv2=1&cabinclass=economy&childrenv2=&inboundaltsenabled=false&outboundaltsenabled=false&preferdirects=false&ref=home&rtn=0,https://www.skyscanner.pl/transport/loty/SKP/KRK/250909/?adultsv2=1&cabinclass=economy&childrenv2=&inboundaltsenabled=false&outboundaltsenabled=false&preferdirects=false&ref=home&rtn=0,https://www.skyscanner.pl/transport/loty/KRK/SKP/250905/250909/?adultsv2=1&cabinclass=economy&childrenv2=&ref=home&rtn=1&preferdirects=false&outboundaltsenabled=false&inboundaltsenabled=false,Krakow-Skopje,2025-09,986.4351145,29.56675653,-4.817407495
Krakow,Skopje,North Macedonia,Krakow,06/09/2025,09/09/2025,3,474,370,844,KRK,SKP,KRK,https://www.skyscanner.pl/transport/loty/KRK/SKP/250906/?adultsv2=1&cabinclass=economy&childrenv2=&inboundaltsenabled=false&outboundaltsenabled=false&preferdirects=false&ref=home&rtn=0,https://www.skyscanner.pl/transport/loty/SKP/KRK/250909/?adultsv2=1&cabinclass=economy&childrenv2=&inboundaltsenabled=false&outboundaltsenabled=false&preferdirects=false&ref=home&rtn=0,https://www.skyscanner.pl/transport/loty/KRK/SKP/250906/250909/?adultsv2=1&cabinclass=economy&childrenv2=&ref=home&rtn=1&preferdirects=false&outboundaltsenabled=false&inboundaltsenabled=false,Krakow-Skopje,2025-09,986.4351145,29.56675653,-4.817407495
Krakow,Skopje,North Macedonia,Krakow,03/09/2025,09/09/2025,6,474,370,844,KRK,SKP,KRK,https://www.skyscanner.pl/transport/loty/KRK/SKP/250903/?adultsv2=1&cabinclass=economy&childrenv2=&inboundaltsenabled=false&outboundaltsenabled=false&preferdirects=false&ref=home&rtn=0,https://www.skyscanner.pl/transport/loty/SKP/KRK/250909/?adultsv2=1&cabinclass=economy&childrenv2=&inboundaltsenabled=false&outboundaltsenabled=false&preferdirects=false&ref=home&rtn=0,https://www.skyscanner.pl/transport/loty/KRK/SKP/250903/250909/?adultsv2=1&cabinclass=economy&childrenv2=&ref=home&rtn=1&preferdirects=false&outboundaltsenabled=false&inboundaltsenabled=false,Krakow-Skopje,2025-09,986.4351145,29.56675653,-4.817407495
Krakow,Skopje,North Macedonia,Krakow,02/09/2025,09/09/2025,7,474,370,844,KRK,SKP,KRK,https://www.skyscanner.pl/transport/loty/KRK/SKP/250902/?adultsv2=1&cabinclass=economy&childrenv2=&inboundaltsenabled=false&outboundaltsenabled=false&preferdirects=false&ref=home&rtn=0,https://www.skyscanner.pl/transport/loty/SKP/KRK/250909/?adultsv2=1&cabinclass=economy&childrenv2=&inboundaltsenabled=false&outboundaltsenabled=false&preferdirects=false&ref=home&rtn=0,https://www.skyscanner.pl/transport/loty/KRK/SKP/250902/250909/?adultsv2=1&cabinclass=economy&childrenv2=&ref=home&rtn=1&preferdirects=false&outboundaltsenabled=false&inboundaltsenabled=false,Krakow-Skopje,2025-09,986.4351145,29.56675653,-4.817407495
Gdansk,Skopje,North Macedonia,Krakow,07/09/2025,09/09/2025,2,554,370,924,GDN,SKP,KRK,https://www.skyscanner.pl/transport/loty/GDN/SKP/250907/?adultsv2=1&cabinclass=economy&childrenv2=&inboundaltsenabled=false&outboundaltsenabled=false&preferdirects=false&ref=home&rtn=0,https://www.skyscanner.pl/transport/loty/SKP/KRK/250909/?adultsv2=1&cabinclass=economy&childrenv2=&inboundaltsenabled=false&outboundaltsenabled=false&preferdirects=false&ref=home&rtn=0,,Gdansk-Skopje,2025-09,1062.263374,29.38664621,-4.704972916
Gdansk,Skopje,North Macedonia,Krakow,05/09/2025,09/09/2025,4,554,370,924,GDN,SKP,KRK,https://www.skyscanner.pl/transport/loty/GDN/SKP/250905/?adultsv2=1&cabinclass=economy&childrenv2=&inboundaltsenabled=false&outboundaltsenabled=false&preferdirects=false&ref=home&rtn=0,https://www.skyscanner.pl/transport/loty/SKP/KRK/250909/?adultsv2=1&cabinclass=economy&childrenv2=&inboundaltsenabled=false&outboundaltsenabled=false&preferdirects=false&ref=home&rtn=0,,Gdansk-Skopje,2025-09,1062.263374,29.38664621,-4.704972916
Gdansk,Skopje,North Macedonia,Krakow,04/09/2025,09/09/2025,5,554,370,924,GDN,SKP,KRK,https://www.skyscanner.pl/transport/loty/GDN/SKP/250904/?adultsv2=1&cabinclass=economy&childrenv2=&inboundaltsenabled=false&outboundaltsenabled=false&preferdirects=false&ref=home&rtn=0,https://www.skyscanner.pl/transport/loty/SKP/KRK/250909/?adultsv2=1&cabinclass=economy&childrenv2=&inboundaltsenabled=false&outboundaltsenabled=false&preferdirects=false&ref=home&rtn=0,,Gdansk-Skopje,2025-09,1062.263374,29.38664621,-4.704972916
Gdansk,Skopje,North Macedonia,Krakow,03/09/2025,09/09/2025,6,554,370,924,GDN,SKP,KRK,https://www.skyscanner.pl/transport/loty/GDN/SKP/250903/?adultsv2=1&cabinclass=economy&childrenv2=&inboundaltsenabled=false&outboundaltsenabled=false&preferdirects=false&ref=home&rtn=0,https://www.skyscanner.pl/transport/loty/SKP/KRK/250909/?adultsv2=1&cabinclass=economy&childrenv2=&inboundaltsenabled=false&outboundaltsenabled=false&preferdirects=false&ref=home&rtn=0,,Gdansk-Skopje,2025-09,1062.263374,29.38664621,-4.704972916
Gdansk,Skopje,North Macedonia,Krakow,06/09/2025,09/09/2025,3,554,370,924,GDN,SKP,KRK,https://www.skyscanner.pl/transport/loty/GDN/SKP/250906/?adultsv2=1&cabinclass=economy&childrenv2=&inboundaltsenabled=false&outboundaltsenabled=false&preferdirects=false&ref=home&rtn=0,https://www.skyscanner.pl/transport/loty/SKP/KRK/250909/?adultsv2=1&cabinclass=economy&childrenv2=&inboundaltsenabled=false&outboundaltsenabled=false&preferdirects=false&ref=home&rtn=0,,Gdansk-Skopje,2025-09,1062.263374,29.38664621,-4.704972916
Gdansk,Skopje,North Macedonia,Krakow,02/09/2025,09/09/2025,7,554,370,924,GDN,SKP,KRK,https://www.skyscanner.pl/transport/loty/GDN/SKP/250902/?adultsv2=1&cabinclass=economy&childrenv2=&inboundaltsenabled=false&outboundaltsenabled=false&preferdirects=false&ref=home&rtn=0,https://www.skyscanner.pl/transport/loty/SKP/KRK/250909/?adultsv2=1&cabinclass=economy&childrenv2=&inboundaltsenabled=false&outboundaltsenabled=false&preferdirects=false&ref=home&rtn=0,,Gdansk-Skopje,2025-09,1062.263374,29.38664621,-4.704972916
Warsaw,Barcelona,Spain,Gdansk,30/09/2025,04/10/2025,4,165,197,362,WAW,BCN,GDN,https://www.skyscanner.pl/transport/loty/WAW/BCN/250930/?adultsv2=1&cabinclass=economy&childrenv2=&inboundaltsenabled=false&outboundaltsenabled=false&preferdirects=false&ref=home&rtn=0,https://www.skyscanner.pl/transport/loty/BCN/GDN/251004/?adultsv2=1&cabinclass=economy&childrenv2=&inboundaltsenabled=false&outboundaltsenabled=false&preferdirects=false&ref=home&rtn=0,,Warsaw-Barcelona,2025-09,571.7171717,44.76697487,-4.684640236
Warsaw,Barcelona,Spain,Wroclaw,30/09/2025,03/10/2025,3,165,197,362,WAW,BCN,WRO,https://www.skyscanner.pl/transport/loty/WAW/BCN/250930/?adultsv2=1&cabinclass=economy&childrenv2=&inboundaltsenabled=false&outboundaltsenabled=false&preferdirects=false&ref=home&rtn=0,https://www.skyscanner.pl/transport/loty/BCN/WRO/251003/?adultsv2=1&cabinclass=economy&childrenv2=&inboundaltsenabled=false&outboundaltsenabled=false&preferdirects=false&ref=home&rtn=0,,Warsaw-Barcelona,2025-09,571.7171717,44.76697487,-4.684640236
Katowice,Agadir,Morocco,Poznan,27/10/2025,29/10/2025,2,219,922,1141,KTW,AGA,POZ,https://www.skyscanner.pl/transport/loty/KTW/AGA/251027/?adultsv2=1&cabinclass=economy&childrenv2=&inboundaltsenabled=false&outboundaltsenabled=false&preferdirects=false&ref=home&rtn=0,https://www.skyscanner.pl/transport/loty/AGA/POZ/251029/?adultsv2=1&cabinclass=economy&childrenv2=&inboundaltsenabled=false&outboundaltsenabled=false&preferdirects=false&ref=home&rtn=0,,Katowice-Agadir,2025-10,5717.057416,989.0580487,-4.626682349
Krakow,Marseille,France,Wroclaw,03/10/2025,08/10/2025,5,137,95,232,KRK,MRS,WRO,https://www.skyscanner.pl/transport/loty/KRK/MRS/251003/?adultsv2=1&cabinclass=economy&childrenv2=&inboundaltsenabled=false&outboundaltsenabled=false&preferdirects=false&ref=home&rtn=0,https://www.skyscanner.pl/transport/loty/MRS/WRO/251008/?adultsv2=1&cabinclass=economy&childrenv2=&inboundaltsenabled=false&outboundaltsenabled=false&preferdirects=false&ref=home&rtn=0,,Krakow-Marseille,2025-10,610.3232323,82.90264957,-4.563463705
Krakow,Barcelona,Spain,Gdansk,30/09/2025,04/10/2025,4,159,197,356,KRK,BCN,GDN,https://www.skyscanner.pl/transport/loty/KRK/BCN/250930/?adultsv2=1&cabinclass=economy&childrenv2=&inboundaltsenabled=false&outboundaltsenabled=false&preferdirects=false&ref=home&rtn=0,https://www.skyscanner.pl/transport/loty/BCN/GDN/251004/?adultsv2=1&cabinclass=economy&childrenv2=&inboundaltsenabled=false&outboundaltsenabled=false&preferdirects=false&ref=home&rtn=0,,Krakow-Barcelona,2025-09,520.5375,36.76251979,-4.475686131
Krakow,Barcelona,Spain,Wroclaw,30/09/2025,03/10/2025,3,159,197,356,KRK,BCN,WRO,https://www.skyscanner.pl/transport/loty/KRK/BCN/250930/?adultsv2=1&cabinclass=economy&childrenv2=&inboundaltsenabled=false&outboundaltsenabled=false&preferdirects=false&ref=home&rtn=0,https://www.skyscanner.pl/transport/loty/BCN/WRO/251003/?adultsv2=1&cabinclass=economy&childrenv2=&inboundaltsenabled=false&outboundaltsenabled=false&preferdirects=false&ref=home&rtn=0,,Krakow-Barcelona,2025-09,520.5375,36.76251979,-4.475686131
Katowice,Agadir,Morocco,Warsaw,27/10/2025,29/10/2025,2,219,1084,1303,KTW,AGA,WAW,https://www.skyscanner.pl/transport/loty/KTW/AGA/251027/?adultsv2=1&cabinclass=economy&childrenv2=&inboundaltsenabled=false&outboundaltsenabled=false&preferdirects=false&ref=home&rtn=0,https://www.skyscanner.pl/transport/loty/AGA/WAW/251029/?adultsv2=1&cabinclass=economy&childrenv2=&inboundaltsenabled=false&outboundaltsenabled=false&preferdirects=false&ref=home&rtn=0,,Katowice-Agadir,2025-10,5717.057416,989.0580487,-4.462890143
Warsaw,Amsterdam,Netherlands,Krakow,30/09/2025,06/10/2025,6,390,323,713,WAW,AMS,KRK,https://www.skyscanner.pl/transport/loty/WAW/AMS/250930/?adultsv2=1&cabinclass=economy&childrenv2=&inboundaltsenabled=false&outboundaltsenabled=false&preferdirects=false&ref=home&rtn=0,https://www.skyscanner.pl/transport/loty/AMS/KRK/251006/?adultsv2=1&cabinclass=economy&childrenv2=&inboundaltsenabled=false&outboundaltsenabled=false&preferdirects=false&ref=home&rtn=0,,Warsaw-Amsterdam,2025-09,1031.808436,72.06318285,-4.424012696
Warsaw,Amsterdam,Netherlands,Krakow,29/09/2025,06/10/2025,7,391,323,714,WAW,AMS,KRK,https://www.skyscanner.pl/transport/loty/WAW/AMS/250929/?adultsv2=1&cabinclass=economy&childrenv2=&inboundaltsenabled=false&outboundaltsenabled=false&preferdirects=false&ref=home&rtn=0,https://www.skyscanner.pl/transport/loty/AMS/KRK/251006/?adultsv2=1&cabinclass=economy&childrenv2=&inboundaltsenabled=false&outboundaltsenabled=false&preferdirects=false&ref=home&rtn=0,,Warsaw-Amsterdam,2025-09,1031.808436,72.06318285,-4.410135984
Krakow,Skopje,North Macedonia,Warsaw,24/10/2025,30/10/2025,6,344,434,778,KRK,SKP,WAW,https://www.skyscanner.pl/transport/loty/KRK/SKP/251024/?adultsv2=1&cabinclass=economy&childrenv2=&inboundaltsenabled=false&outboundaltsenabled=false&preferdirects=false&ref=home&rtn=0,https://www.skyscanner.pl/transport/loty/SKP/WAW/251030/?adultsv2=1&cabinclass=economy&childrenv2=&inboundaltsenabled=false&outboundaltsenabled=false&preferdirects=false&ref=home&rtn=0,,Krakow-Skopje,2025-10,962.2166667,42.70185546,-4.314020192
Warsaw,Barcelona,Spain,Krakow,30/09/2025,04/10/2025,4,165,214,379,WAW,BCN,KRK,https://www.skyscanner.pl/transport/loty/WAW/BCN/250930/?adultsv2=1&cabinclass=economy&childrenv2=&inboundaltsenabled=false&outboundaltsenabled=false&preferdirects=false&ref=home&rtn=0,https://www.skyscanner.pl/transport/loty/BCN/KRK/251004/?adultsv2=1&cabinclass=economy&childrenv2=&inboundaltsenabled=false&outboundaltsenabled=false&preferdirects=false&ref=home&rtn=0,,Warsaw-Barcelona,2025-09,571.7171717,44.76697487,-4.304896015
Poznan,Skopje,North Macedonia,Krakow,03/09/2025,09/09/2025,6,541,370,911,POZ,SKP,KRK,https://www.skyscanner.pl/transport/loty/POZ/SKP/250903/?adultsv2=1&cabinclass=economy&childrenv2=&inboundaltsenabled=false&outboundaltsenabled=false&preferdirects=false&ref=home&rtn=0,https://www.skyscanner.pl/transport/loty/SKP/KRK/250909/?adultsv2=1&cabinclass=economy&childrenv2=&inboundaltsenabled=false&outboundaltsenabled=false&preferdirects=false&ref=home&rtn=0,,Poznan-Skopje,2025-09,1054.810945,33.4438945,-4.300065749
Poznan,Skopje,North Macedonia,Krakow,02/09/2025,09/09/2025,7,541,370,911,POZ,SKP,KRK,https://www.skyscanner.pl/transport/loty/POZ/SKP/250902/?adultsv2=1&cabinclass=economy&childrenv2=&inboundaltsenabled=false&outboundaltsenabled=false&preferdirects=false&ref=home&rtn=0,https://www.skyscanner.pl/transport/loty/SKP/KRK/250909/?adultsv2=1&cabinclass=economy&childrenv2=&inboundaltsenabled=false&outboundaltsenabled=false&preferdirects=false&ref=home&rtn=0,,Poznan-Skopje,2025-09,1054.810945,33.4438945,-4.300065749
Poznan,Skopje,North Macedonia,Krakow,06/09/2025,09/09/2025,3,541,370,911,POZ,SKP,KRK,https://www.skyscanner.pl/transport/loty/POZ/SKP/250906/?adultsv2=1&cabinclass=economy&childrenv2=&inboundaltsenabled=false&outboundaltsenabled=false&preferdirects=false&ref=home&rtn=0,https://www.skyscanner.pl/transport/loty/SKP/KRK/250909/?adultsv2=1&cabinclass=economy&childrenv2=&inboundaltsenabled=false&outboundaltsenabled=false&preferdirects=false&ref=home&rtn=0,,Poznan-Skopje,2025-09,1054.810945,33.4438945,-4.300065749
Poznan,Skopje,North Macedonia,Krakow,05/09/2025,09/09/2025,4,541,370,911,POZ,SKP,KRK,https://www.skyscanner.pl/transport/loty/POZ/SKP/250905/?adultsv2=1&cabinclass=economy&childrenv2=&inboundaltsenabled=false&outboundaltsenabled=false&preferdirects=false&ref=home&rtn=0,https://www.skyscanner.pl/transport/loty/SKP/KRK/250909/?adultsv2=1&cabinclass=economy&childrenv2=&inboundaltsenabled=false&outboundaltsenabled=false&preferdirects=false&ref=home&rtn=0,,Poznan-Skopje,2025-09,1054.810945,33.4438945,-4.300065749
Poznan,Skopje,North Macedonia,Krakow,04/09/2025,09/09/2025,5,541,370,911,POZ,SKP,KRK,https://www.skyscanner.pl/transport/loty/POZ/SKP/250904/?adultsv2=1&cabinclass=economy&childrenv2=&inboundaltsenabled=false&outboundaltsenabled=false&preferdirects=false&ref=home&rtn=0,https://www.skyscanner.pl/transport/loty/SKP/KRK/250909/?adultsv2=1&cabinclass=economy&childrenv2=&inboundaltsenabled=false&outboundaltsenabled=false&preferdirects=false&ref=home&rtn=0,,Poznan-Skopje,2025-09,1054.810945,33.4438945,-4.300065749
Poznan,Naples,Italy,Wroclaw,27/08/2025,03/09/2025,7,945,133,1078,POZ,NAP,WRO,https://www.skyscanner.pl/transport/loty/POZ/NAP/250827/?adultsv2=1&cabinclass=economy&childrenv2=&inboundaltsenabled=false&outboundaltsenabled=false&preferdirects=false&ref=home&rtn=0,https://www.skyscanner.pl/transport/loty/NAP/WRO/250903/?adultsv2=1&cabinclass=economy&childrenv2=&inboundaltsenabled=false&outboundaltsenabled=false&preferdirects=false&ref=home&rtn=0,,Poznan-Naples,2025-08,1442.116129,84.97356005,-4.285052066
Poznan,Amman,Jordan,Poznan,27/10/2025,30/10/2025,3,163,128,291,POZ,AMM,POZ,https://www.skyscanner.pl/transport/loty/POZ/AMM/251027/?adultsv2=1&cabinclass=economy&childrenv2=&inboundaltsenabled=false&outboundaltsenabled=false&preferdirects=false&ref=home&rtn=0,https://www.skyscanner.pl/transport/loty/AMM/POZ/251030/?adultsv2=1&cabinclass=economy&childrenv2=&inboundaltsenabled=false&outboundaltsenabled=false&preferdirects=false&ref=home&rtn=0,https://www.skyscanner.pl/transport/loty/POZ/AMM/251027/251030/?adultsv2=1&cabinclass=economy&childrenv2=&ref=home&rtn=1&preferdirects=false&outboundaltsenabled=false&inboundaltsenabled=false,Poznan-Amman,2025-10,1436.314961,267.2938666,-4.284853129
Gdansk,Turin,Italy,Krakow,09/09/2025,11/09/2025,2,372,95,467,GDN,TRN,KRK,https://www.skyscanner.pl/transport/loty/GDN/TRN/250909/?adultsv2=1&cabinclass=economy&childrenv2=&inboundaltsenabled=false&outboundaltsenabled=false&preferdirects=false&ref=home&rtn=0,https://www.skyscanner.pl/transport/loty/TRN/KRK/250911/?adultsv2=1&cabinclass=economy&childrenv2=&inboundaltsenabled=false&outboundaltsenabled=false&preferdirects=false&ref=home&rtn=0,,Gdansk-Turin,2025-09,1154.346405,160.4370806,-4.28421162
Warsaw,Amsterdam,Netherlands,Krakow,22/09/2025,29/09/2025,7,391,338,729,WAW,AMS,KRK,https://www.skyscanner.pl/transport/loty/WAW/AMS/250922/?adultsv2=1&cabinclass=economy&childrenv2=&inboundaltsenabled=false&outboundaltsenabled=false&preferdirects=false&ref=home&rtn=0,https://www.skyscanner.pl/transport/loty/AMS/KRK/250929/?adultsv2=1&cabinclass=economy&childrenv2=&inboundaltsenabled=false&outboundaltsenabled=false&preferdirects=false&ref=home&rtn=0,,Warsaw-Amsterdam,2025-09,1031.808436,72.06318285,-4.201985311
Warsaw,Amsterdam,Netherlands,Krakow,24/09/2025,29/09/2025,5,391,338,729,WAW,AMS,KRK,https://www.skyscanner.pl/transport/loty/WAW/AMS/250924/?adultsv2=1&cabinclass=economy&childrenv2=&inboundaltsenabled=false&outboundaltsenabled=false&preferdirects=false&ref=home&rtn=0,https://www.skyscanner.pl/transport/loty/AMS/KRK/250929/?adultsv2=1&cabinclass=economy&childrenv2=&inboundaltsenabled=false&outboundaltsenabled=false&preferdirects=false&ref=home&rtn=0,,Warsaw-Amsterdam,2025-09,1031.808436,72.06318285,-4.201985311
Warsaw,Amsterdam,Netherlands,Krakow,27/09/2025,29/09/2025,2,391,338,729,WAW,AMS,KRK,https://www.skyscanner.pl/transport/loty/WAW/AMS/250927/?adultsv2=1&cabinclass=economy&childrenv2=&inboundaltsenabled=false&outboundaltsenabled=false&preferdirects=false&ref=home&rtn=0,https://www.skyscanner.pl/transport/loty/AMS/KRK/250929/?adultsv2=1&cabinclass=economy&childrenv2=&inboundaltsenabled=false&outboundaltsenabled=false&preferdirects=false&ref=home&rtn=0,,Warsaw-Amsterdam,2025-09,1031.808436,72.06318285,-4.201985311
Warsaw,Amsterdam,Netherlands,Krakow,23/09/2025,29/09/2025,6,391,338,729,WAW,AMS,KRK,https://www.skyscanner.pl/transport/loty/WAW/AMS/250923/?adultsv2=1&cabinclass=economy&childrenv2=&inboundaltsenabled=false&outboundaltsenabled=false&preferdirects=false&ref=home&rtn=0,https://www.skyscanner.pl/transport/loty/AMS/KRK/250929/?adultsv2=1&cabinclass=economy&childrenv2=&inboundaltsenabled=false&outboundaltsenabled=false&preferdirects=false&ref=home&rtn=0,,Warsaw-Amsterdam,2025-09,1031.808436,72.06318285,-4.201985311
Warsaw,Abu Dhabi,United Arab Emirates,Krakow,16/09/2025,22/09/2025,6,1210,364,1574,WAW,AUH,KRK,https://www.skyscanner.pl/transport/loty/WAW/AUH/250916/?adultsv2=1&cabinclass=economy&childrenv2=&inboundaltsenabled=false&outboundaltsenabled=false&preferdirects=false&ref=home&rtn=0,https://www.skyscanner.pl/transport/loty/AUH/KRK/250922/?adultsv2=1&cabinclass=economy&childrenv2=&inboundaltsenabled=false&outboundaltsenabled=false&preferdirects=false&ref=home&rtn=0,,Warsaw-Abu Dhabi,2025-09,2838.792776,302.73787,-4.177847904
Warsaw,Abu Dhabi,United Arab Emirates,Krakow,18/09/2025,22/09/2025,4,1210,364,1574,WAW,AUH,KRK,https://www.skyscanner.pl/transport/loty/WAW/AUH/250918/?adultsv2=1&cabinclass=economy&childrenv2=&inboundaltsenabled=false&outboundaltsenabled=false&preferdirects=false&ref=home&rtn=0,https://www.skyscanner.pl/transport/loty/AUH/KRK/250922/?adultsv2=1&cabinclass=economy&childrenv2=&inboundaltsenabled=false&outboundaltsenabled=false&preferdirects=false&ref=home&rtn=0,,Warsaw-Abu Dhabi,2025-09,2838.792776,302.73787,-4.177847904
Warsaw,Abu Dhabi,United Arab Emirates,Krakow,13/09/2025,19/09/2025,6,1210,364,1574,WAW,AUH,KRK,https://www.skyscanner.pl/transport/loty/WAW/AUH/250913/?adultsv2=1&cabinclass=economy&childrenv2=&inboundaltsenabled=false&outboundaltsenabled=false&preferdirects=false&ref=home&rtn=0,https://www.skyscanner.pl/transport/loty/AUH/KRK/250919/?adultsv2=1&cabinclass=economy&childrenv2=&inboundaltsenabled=false&outboundaltsenabled=false&preferdirects=false&ref=home&rtn=0,,Warsaw-Abu Dhabi,2025-09,2838.792776,302.73787,-4.177847904
Warsaw,Abu Dhabi,United Arab Emirates,Krakow,16/09/2025,19/09/2025,3,1210,364,1574,WAW,AUH,KRK,https://www.skyscanner.pl/transport/loty/WAW/AUH/250916/?adultsv2=1&cabinclass=economy&childrenv2=&inboundaltsenabled=false&outboundaltsenabled=false&preferdirects=false&ref=home&rtn=0,https://www.skyscanner.pl/transport/loty/AUH/KRK/250919/?adultsv2=1&cabinclass=economy&childrenv2=&inboundaltsenabled=false&outboundaltsenabled=false&preferdirects=false&ref=home&rtn=0,,Warsaw-Abu Dhabi,2025-09,2838.792776,302.73787,-4.177847904
Warsaw,Abu Dhabi,United Arab Emirates,Krakow,14/09/2025,19/09/2025,5,1210,364,1574,WAW,AUH,KRK,https://www.skyscanner.pl/transport/loty/WAW/AUH/250914/?adultsv2=1&cabinclass=economy&childrenv2=&inboundaltsenabled=false&outboundaltsenabled=false&preferdirects=false&ref=home&rtn=0,https://www.skyscanner.pl/transport/loty/AUH/KRK/250919/?adultsv2=1&cabinclass=economy&childrenv2=&inboundaltsenabled=false&outboundaltsenabled=false&preferdirects=false&ref=home&rtn=0,,Warsaw-Abu Dhabi,2025-09,2838.792776,302.73787,-4.177847904
Wroclaw,Bilbao,Spain,Warsaw,30/09/2025,05/10/2025,5,591,342,933,WRO,BIO,WAW,https://www.skyscanner.pl/transport/loty/WRO/BIO/250930/?adultsv2=1&cabinclass=economy&childrenv2=&inboundaltsenabled=false&outboundaltsenabled=false&preferdirects=false&ref=home&rtn=0,https://www.skyscanner.pl/transport/loty/BIO/WAW/251005/?adultsv2=1&cabinclass=economy&childrenv2=&inboundaltsenabled=false&outboundaltsenabled=false&preferdirects=false&ref=home&rtn=0,,Wroclaw-Bilbao,2025-09,1299.834025,88.0706478,-4.165224556
Poznan,Amman,Jordan,Krakow,27/10/2025,29/10/2025,2,163,162,325,POZ,AMM,KRK,https://www.skyscanner.pl/transport/loty/POZ/AMM/251027/?adultsv2=1&cabinclass=economy&childrenv2=&inboundaltsenabled=false&outboundaltsenabled=false&preferdirects=false&ref=home&rtn=0,https://www.skyscanner.pl/transport/loty/AMM/KRK/251029/?adultsv2=1&cabinclass=economy&childrenv2=&inboundaltsenabled=false&outboundaltsenabled=false&preferdirects=false&ref=home&rtn=0,,Poznan-Amman,2025-10,1436.314961,267.2938666,-4.157652305
Warsaw,Marseille,France,Wroclaw,06/10/2025,08/10/2025,2,413,95,508,WAW,MRS,WRO,https://www.skyscanner.pl/transport/loty/WAW/MRS/251006/?adultsv2=1&cabinclass=economy&childrenv2=&inboundaltsenabled=false&outboundaltsenabled=false&preferdirects=false&ref=home&rtn=0,https://www.skyscanner.pl/transport/loty/MRS/WRO/251008/?adultsv2=1&cabinclass=economy&childrenv2=&inboundaltsenabled=false&outboundaltsenabled=false&preferdirects=false&ref=home&rtn=0,,Warsaw-Marseille,2025-10,849.5655022,82.20426785,-4.155082347
Warsaw,Marseille,France,Wroclaw,05/10/2025,08/10/2025,3,413,95,508,WAW,MRS,WRO,https://www.skyscanner.pl/transport/loty/WAW/MRS/251005/?adultsv2=1&cabinclass=economy&childrenv2=&inboundaltsenabled=false&outboundaltsenabled=false&preferdirects=false&ref=home&rtn=0,https://www.skyscanner.pl/transport/loty/MRS/WRO/251008/?adultsv2=1&cabinclass=economy&childrenv2=&inboundaltsenabled=false&outboundaltsenabled=false&preferdirects=false&ref=home&rtn=0,,Warsaw-Marseille,2025-10,849.5655022,82.20426785,-4.155082347
Warsaw,Marseille,France,Wroclaw,04/10/2025,08/10/2025,4,413,95,508,WAW,MRS,WRO,https://www.skyscanner.pl/transport/loty/WAW/MRS/251004/?adultsv2=1&cabinclass=economy&childrenv2=&inboundaltsenabled=false&outboundaltsenabled=false&preferdirects=false&ref=home&rtn=0,https://www.skyscanner.pl/transport/loty/MRS/WRO/251008/?adultsv2=1&cabinclass=economy&childrenv2=&inboundaltsenabled=false&outboundaltsenabled=false&preferdirects=false&ref=home&rtn=0,,Warsaw-Marseille,2025-10,849.5655022,82.20426785,-4.155082347
Warsaw,Marseille,France,Wroclaw,01/10/2025,08/10/2025,7,413,95,508,WAW,MRS,WRO,https://www.skyscanner.pl/transport/loty/WAW/MRS/251001/?adultsv2=1&cabinclass=economy&childrenv2=&inboundaltsenabled=false&outboundaltsenabled=false&preferdirects=false&ref=home&rtn=0,https://www.skyscanner.pl/transport/loty/MRS/WRO/251008/?adultsv2=1&cabinclass=economy&childrenv2=&inboundaltsenabled=false&outboundaltsenabled=false&preferdirects=false&ref=home&rtn=0,,Warsaw-Marseille,2025-10,849.5655022,82.20426785,-4.155082347
Krakow,Amsterdam,Netherlands,Krakow,29/09/2025,06/10/2025,7,284,323,607,KRK,AMS,KRK,https://www.skyscanner.pl/transport/loty/KRK/AMS/250929/?adultsv2=1&cabinclass=economy&childrenv2=&inboundaltsenabled=false&outboundaltsenabled=false&preferdirects=false&ref=home&rtn=0,https://www.skyscanner.pl/transport/loty/AMS/KRK/251006/?adultsv2=1&cabinclass=economy&childrenv2=&inboundaltsenabled=false&outboundaltsenabled=false&preferdirects=false&ref=home&rtn=0,https://www.skyscanner.pl/transport/loty/KRK/AMS/250929/251006/?adultsv2=1&cabinclass=economy&childrenv2=&ref=home&rtn=1&preferdirects=false&outboundaltsenabled=false&inboundaltsenabled=false,Krakow-Amsterdam,2025-09,946.6284722,81.89900397,-4.146918225
Wroclaw,Amsterdam,Netherlands,Krakow,30/09/2025,06/10/2025,6,449,323,772,WRO,AMS,KRK,https://www.skyscanner.pl/transport/loty/WRO/AMS/250930/?adultsv2=1&cabinclass=economy&childrenv2=&inboundaltsenabled=false&outboundaltsenabled=false&preferdirects=false&ref=home&rtn=0,https://www.skyscanner.pl/transport/loty/AMS/KRK/251006/?adultsv2=1&cabinclass=economy&childrenv2=&inboundaltsenabled=false&outboundaltsenabled=false&preferdirects=false&ref=home&rtn=0,,Wroclaw-Amsterdam,2025-09,1078.467391,74.18538711,-4.131101869
Wroclaw,Istanbul,Turkey,Krakow,30/08/2025,03/09/2025,4,566,471,1037,WRO,IST,KRK,https://www.skyscanner.pl/transport/loty/WRO/IST/250830/?adultsv2=1&cabinclass=economy&childrenv2=&inboundaltsenabled=false&outboundaltsenabled=false&preferdirects=false&ref=home&rtn=0,https://www.skyscanner.pl/transport/loty/IST/KRK/250903/?adultsv2=1&cabinclass=economy&childrenv2=&inboundaltsenabled=false&outboundaltsenabled=false&preferdirects=false&ref=home&rtn=0,,Wroclaw-Istanbul,2025-08,1700.116402,160.7676637,-4.124687681
Wroclaw,Istanbul,Turkey,Krakow,30/08/2025,02/09/2025,3,566,471,1037,WRO,IST,KRK,https://www.skyscanner.pl/transport/loty/WRO/IST/250830/?adultsv2=1&cabinclass=economy&childrenv2=&inboundaltsenabled=false&outboundaltsenabled=false&preferdirects=false&ref=home&rtn=0,https://www.skyscanner.pl/transport/loty/IST/KRK/250902/?adultsv2=1&cabinclass=economy&childrenv2=&inboundaltsenabled=false&outboundaltsenabled=false&preferdirects=false&ref=home&rtn=0,,Wroclaw-Istanbul,2025-08,1700.116402,160.7676637,-4.124687681
Wroclaw,Istanbul,Turkey,Krakow,30/08/2025,06/09/2025,7,566,471,1037,WRO,IST,KRK,https://www.skyscanner.pl/transport/loty/WRO/IST/250830/?adultsv2=1&cabinclass=economy&childrenv2=&inboundaltsenabled=false&outboundaltsenabled=false&preferdirects=false&ref=home&rtn=0,https://www.skyscanner.pl/transport/loty/IST/KRK/250906/?adultsv2=1&cabinclass=economy&childrenv2=&inboundaltsenabled=false&outboundaltsenabled=false&preferdirects=false&ref=home&rtn=0,,Wroclaw-Istanbul,2025-08,1700.116402,160.7676637,-4.124687681
Wroclaw,Istanbul,Turkey,Krakow,30/08/2025,04/09/2025,5,566,471,1037,WRO,IST,KRK,https://www.skyscanner.pl/transport/loty/WRO/IST/250830/?adultsv2=1&cabinclass=economy&childrenv2=&inboundaltsenabled=false&outboundaltsenabled=false&preferdirects=false&ref=home&rtn=0,https://www.skyscanner.pl/transport/loty/IST/KRK/250904/?adultsv2=1&cabinclass=economy&childrenv2=&inboundaltsenabled=false&outboundaltsenabled=false&preferdirects=false&ref=home&rtn=0,,Wroclaw-Istanbul,2025-08,1700.116402,160.7676637,-4.124687681
Wroclaw,Bilbao,Spain,Warsaw,17/08/2025,20/08/2025,3,600,385,985,WRO,BIO,WAW,https://www.skyscanner.pl/transport/loty/WRO/BIO/250817/?adultsv2=1&cabinclass=economy&childrenv2=&inboundaltsenabled=false&outboundaltsenabled=false&preferdirects=false&ref=home&rtn=0,https://www.skyscanner.pl/transport/loty/BIO/WAW/250820/?adultsv2=1&cabinclass=economy&childrenv2=&inboundaltsenabled=false&outboundaltsenabled=false&preferdirects=false&ref=home&rtn=0,,Wroclaw-Bilbao,2025-08,1440.278351,110.7529335,-4.110756584
Gdansk,London,United Kingdom,Wroclaw,13/08/2025,20/08/2025,7,269,108,377,GDN,LTN,WRO,https://www.skyscanner.pl/transport/loty/GDN/LTN/250813/?adultsv2=1&cabinclass=economy&childrenv2=&inboundaltsenabled=false&outboundaltsenabled=false&preferdirects=false&ref=home&rtn=0,https://www.skyscanner.pl/transport/loty/LTN/WRO/250820/?adultsv2=1&cabinclass=economy&childrenv2=&inboundaltsenabled=false&outboundaltsenabled=false&preferdirects=false&ref=home&rtn=0,,Gdansk-London,2025-08,635.6337209,63.30489381,-4.085524916
Gdansk,London,United Kingdom,Poznan,13/08/2025,20/08/2025,7,269,108,377,GDN,LTN,POZ,https://www.skyscanner.pl/transport/loty/GDN/LTN/250813/?adultsv2=1&cabinclass=economy&childrenv2=&inboundaltsenabled=false&outboundaltsenabled=false&preferdirects=false&ref=home&rtn=0,https://www.skyscanner.pl/transport/loty/LTN/POZ/250820/?adultsv2=1&cabinclass=economy&childrenv2=&inboundaltsenabled=false&outboundaltsenabled=false&preferdirects=false&ref=home&rtn=0,,Gdansk-London,2025-08,635.6337209,63.30489381,-4.085524916
Katowice,Agadir,Morocco,Katowice,27/10/2025,29/10/2025,2,219,1460,1679,KTW,AGA,KTW,https://www.skyscanner.pl/transport/loty/KTW/AGA/251027/?adultsv2=1&cabinclass=economy&childrenv2=&inboundaltsenabled=false&outboundaltsenabled=false&preferdirects=false&ref=home&rtn=0,https://www.skyscanner.pl/transport/loty/AGA/KTW/251029/?adultsv2=1&cabinclass=economy&childrenv2=&inboundaltsenabled=false&outboundaltsenabled=false&preferdirects=false&ref=home&rtn=0,https://www.skyscanner.pl/transport/loty/KTW/AGA/251027/251029/?adultsv2=1&cabinclass=economy&childrenv2=&ref=home&rtn=1&preferdirects=false&outboundaltsenabled=false&inboundaltsenabled=false,Katowice-Agadir,2025-10,5717.057416,989.0580487,-4.082730454
Warsaw,Amsterdam,Netherlands,Krakow,25/09/2025,29/09/2025,4,400,338,738,WAW,AMS,KRK,https://www.skyscanner.pl/transport/loty/WAW/AMS/250925/?adultsv2=1&cabinclass=economy&childrenv2=&inboundaltsenabled=false&outboundaltsenabled=false&preferdirects=false&ref=home&rtn=0,https://www.skyscanner.pl/transport/loty/AMS/KRK/250929/?adultsv2=1&cabinclass=economy&childrenv2=&inboundaltsenabled=false&outboundaltsenabled=false&preferdirects=false&ref=home&rtn=0,,Warsaw-Amsterdam,2025-09,1031.808436,72.06318285,-4.077094908
Warsaw,Amsterdam,Netherlands,Krakow,26/09/2025,29/09/2025,3,400,338,738,WAW,AMS,KRK,https://www.skyscanner.pl/transport/loty/WAW/AMS/250926/?adultsv2=1&cabinclass=economy&childrenv2=&inboundaltsenabled=false&outboundaltsenabled=false&preferdirects=false&ref=home&rtn=0,https://www.skyscanner.pl/transport/loty/AMS/KRK/250929/?adultsv2=1&cabinclass=economy&childrenv2=&inboundaltsenabled=false&outboundaltsenabled=false&preferdirects=false&ref=home&rtn=0,,Warsaw-Amsterdam,2025-09,1031.808436,72.06318285,-4.077094908
Gdansk,Turin,Italy,Krakow,15/08/2025,21/08/2025,6,769,112,881,GDN,TRN,KRK,https://www.skyscanner.pl/transport/loty/GDN/TRN/250815/?adultsv2=1&cabinclass=economy&childrenv2=&inboundaltsenabled=false&outboundaltsenabled=false&preferdirects=false&ref=home&rtn=0,https://www.skyscanner.pl/transport/loty/TRN/KRK/250821/?adultsv2=1&cabinclass=economy&childrenv2=&inboundaltsenabled=false&outboundaltsenabled=false&preferdirects=false&ref=home&rtn=0,,Gdansk-Turin,2025-08,1506.897727,155.0552742,-4.036610367
Gdansk,Turin,Italy,Krakow,16/08/2025,21/08/2025,5,769,112,881,GDN,TRN,KRK,https://www.skyscanner.pl/transport/loty/GDN/TRN/250816/?adultsv2=1&cabinclass=economy&childrenv2=&inboundaltsenabled=false&outboundaltsenabled=false&preferdirects=false&ref=home&rtn=0,https://www.skyscanner.pl/transport/loty/TRN/KRK/250821/?adultsv2=1&cabinclass=economy&childrenv2=&inboundaltsenabled=false&outboundaltsenabled=false&preferdirects=false&ref=home&rtn=0,,Gdansk-Turin,2025-08,1506.897727,155.0552742,-4.036610367
Wroclaw,Istanbul,Turkey,Warsaw,30/08/2025,05/09/2025,6,566,486,1052,WRO,IST,WAW,https://www.skyscanner.pl/transport/loty/WRO/IST/250830/?adultsv2=1&cabinclass=economy&childrenv2=&inboundaltsenabled=false&outboundaltsenabled=false&preferdirects=false&ref=home&rtn=0,https://www.skyscanner.pl/transport/loty/IST/WAW/250905/?adultsv2=1&cabinclass=economy&childrenv2=&inboundaltsenabled=false&outboundaltsenabled=false&preferdirects=false&ref=home&rtn=0,,Wroclaw-Istanbul,2025-08,1700.116402,160.7676637,-4.031385337
Warsaw,Abu Dhabi,United Arab Emirates,Krakow,25/09/2025,29/09/2025,4,1210,409,1619,WAW,AUH,KRK,https://www.skyscanner.pl/transport/loty/WAW/AUH/250925/?adultsv2=1&cabinclass=economy&childrenv2=&inboundaltsenabled=false&outboundaltsenabled=false&preferdirects=false&ref=home&rtn=0,https://www.skyscanner.pl/transport/loty/AUH/KRK/250929/?adultsv2=1&cabinclass=economy&childrenv2=&inboundaltsenabled=false&outboundaltsenabled=false&preferdirects=false&ref=home&rtn=0,,Warsaw-Abu Dhabi,2025-09,2838.792776,302.73787,-4.029204459
Warsaw,Abu Dhabi,United Arab Emirates,Krakow,27/09/2025,29/09/2025,2,1210,409,1619,WAW,AUH,KRK,https://www.skyscanner.pl/transport/loty/WAW/AUH/250927/?adultsv2=1&cabinclass=economy&childrenv2=&inboundaltsenabled=false&outboundaltsenabled=false&preferdirects=false&ref=home&rtn=0,https://www.skyscanner.pl/transport/loty/AUH/KRK/250929/?adultsv2=1&cabinclass=economy&childrenv2=&inboundaltsenabled=false&outboundaltsenabled=false&preferdirects=false&ref=home&rtn=0,,Warsaw-Abu Dhabi,2025-09,2838.792776,302.73787,-4.029204459
Warsaw,Abu Dhabi,United Arab Emirates,Krakow,23/09/2025,29/09/2025,6,1210,409,1619,WAW,AUH,KRK,https://www.skyscanner.pl/transport/loty/WAW/AUH/250923/?adultsv2=1&cabinclass=economy&childrenv2=&inboundaltsenabled=false&outboundaltsenabled=false&preferdirects=false&ref=home&rtn=0,https://www.skyscanner.pl/transport/loty/AUH/KRK/250929/?adultsv2=1&cabinclass=economy&childrenv2=&inboundaltsenabled=false&outboundaltsenabled=false&preferdirects=false&ref=home&rtn=0,,Warsaw-Abu Dhabi,2025-09,2838.792776,302.73787,-4.029204459
Wroclaw,Olbia,Italy,Krakow,30/09/2025,06/10/2025,6,513,394,907,WRO,OLB,KRK,https://www.skyscanner.pl/transport/loty/WRO/OLB/250930/?adultsv2=1&cabinclass=economy&childrenv2=&inboundaltsenabled=false&outboundaltsenabled=false&preferdirects=false&ref=home&rtn=0,https://www.skyscanner.pl/transport/loty/OLB/KRK/251006/?adultsv2=1&cabinclass=economy&childrenv2=&inboundaltsenabled=false&outboundaltsenabled=false&preferdirects=false&ref=home&rtn=0,,Wroclaw-Olbia,2025-09,1562.802395,162.8329486,-4.027455136
Katowice,Porto,Portugal,Warsaw,29/09/2025,06/10/2025,7,894,342,1236,KTW,OPO,WAW,https://www.skyscanner.pl/transport/loty/KTW/OPO/250929/?adultsv2=1&cabinclass=economy&childrenv2=&inboundaltsenabled=false&outboundaltsenabled=false&preferdirects=false&ref=home&rtn=0,https://www.skyscanner.pl/transport/loty/OPO/WAW/251006/?adultsv2=1&cabinclass=economy&childrenv2=&inboundaltsenabled=false&outboundaltsenabled=false&preferdirects=false&ref=home&rtn=0,,Katowice-Porto,2025-09,1704.540881,116.7696934,-4.012521288
Katowice,Marrakesh,Morocco,Krakow,30/08/2025,06/09/2025,7,1252,351,1603,KTW,RAK,KRK,https://www.skyscanner.pl/transport/loty/KTW/RAK/250830/?adultsv2=1&cabinclass=economy&childrenv2=&inboundaltsenabled=false&outboundaltsenabled=false&preferdirects=false&ref=home&rtn=0,https://www.skyscanner.pl/transport/loty/RAK/KRK/250906/?adultsv2=1&cabinclass=economy&childrenv2=&inboundaltsenabled=false&outboundaltsenabled=false&preferdirects=false&ref=home&rtn=0,,Katowice-Marrakesh,2025-08,3675.186813,516.5499962,-4.011590027
Krakow,Marseille,France,Wroclaw,26/09/2025,01/10/2025,5,146,95,241,KRK,MRS,WRO,https://www.skyscanner.pl/transport/loty/KRK/MRS/250926/?adultsv2=1&cabinclass=economy&childrenv2=&inboundaltsenabled=false&outboundaltsenabled=false&preferdirects=false&ref=home&rtn=0,https://www.skyscanner.pl/transport/loty/MRS/WRO/251001/?adultsv2=1&cabinclass=economy&childrenv2=&inboundaltsenabled=false&outboundaltsenabled=false&preferdirects=false&ref=home&rtn=0,,Krakow-Marseille,2025-09,663.4882943,105.6038677,-4.000689591
Warsaw,Palma de Mallorca,Spain,Wroclaw,30/09/2025,07/10/2025,7,209,215,424,WAW,PMI,WRO,https://www.skyscanner.pl/transport/loty/WAW/PMI/250930/?adultsv2=1&cabinclass=economy&childrenv2=&inboundaltsenabled=false&outboundaltsenabled=false&preferdirects=false&ref=home&rtn=0,https://www.skyscanner.pl/transport/loty/PMI/WRO/251007/?adultsv2=1&cabinclass=economy&childrenv2=&inboundaltsenabled=false&outboundaltsenabled=false&preferdirects=false&ref=home&rtn=0,,Warsaw-Palma de Mallorca,2025-09,639.530303,54.04375545,-3.98807043
Gdansk,Skopje,North Macedonia,Krakow,27/08/2025,29/08/2025,2,554,743,1297,GDN,SKP,KRK,https://www.skyscanner.pl/transport/loty/GDN/SKP/250827/?adultsv2=1&cabinclass=economy&childrenv2=&inboundaltsenabled=false&outboundaltsenabled=false&preferdirects=false&ref=home&rtn=0,https://www.skyscanner.pl/transport/loty/SKP/KRK/250829/?adultsv2=1&cabinclass=economy&childrenv2=&inboundaltsenabled=false&outboundaltsenabled=false&preferdirects=false&ref=home&rtn=0,,Gdansk-Skopje,2025-08,1469.322222,43.25753147,-3.983635135
Gdansk,Agadir,Morocco,Krakow,26/08/2025,29/08/2025,3,2087,783,2870,GDN,AGA,KRK,https://www.skyscanner.pl/transport/loty/GDN/AGA/250826/?adultsv2=1&cabinclass=economy&childrenv2=&inboundaltsenabled=false&outboundaltsenabled=false&preferdirects=false&ref=home&rtn=0,https://www.skyscanner.pl/transport/loty/AGA/KRK/250829/?adultsv2=1&cabinclass=economy&childrenv2=&inboundaltsenabled=false&outboundaltsenabled=false&preferdirects=false&ref=home&rtn=0,,Gdansk-Agadir,2025-08,7111.416667,1066.747401,-3.976027186
Poznan,London,United Kingdom,Wroclaw,13/08/2025,20/08/2025,7,249,108,357,POZ,LTN,WRO,https://www.skyscanner.pl/transport/loty/POZ/LTN/250813/?adultsv2=1&cabinclass=economy&childrenv2=&inboundaltsenabled=false&outboundaltsenabled=false&preferdirects=false&ref=home&rtn=0,https://www.skyscanner.pl/transport/loty/LTN/WRO/250820/?adultsv2=1&cabinclass=economy&childrenv2=&inboundaltsenabled=false&outboundaltsenabled=false&preferdirects=false&ref=home&rtn=0,,Poznan-London,2025-08,621.8055556,66.68086482,-3.97123757
Poznan,London,United Kingdom,Poznan,13/08/2025,20/08/2025,7,249,108,357,POZ,LTN,POZ,https://www.skyscanner.pl/transport/loty/POZ/LTN/250813/?adultsv2=1&cabinclass=economy&childrenv2=&inboundaltsenabled=false&outboundaltsenabled=false&preferdirects=false&ref=home&rtn=0,https://www.skyscanner.pl/transport/loty/LTN/POZ/250820/?adultsv2=1&cabinclass=economy&childrenv2=&inboundaltsenabled=false&outboundaltsenabled=false&preferdirects=false&ref=home&rtn=0,https://www.skyscanner.pl/transport/loty/POZ/LTN/250813/250820/?adultsv2=1&cabinclass=economy&childrenv2=&ref=home&rtn=1&preferdirects=false&outboundaltsenabled=false&inboundaltsenabled=false,Poznan-London,2025-08,621.8055556,66.68086482,-3.97123757
Krakow,Amsterdam,Netherlands,Krakow,26/09/2025,29/09/2025,3,284,338,622,KRK,AMS,KRK,https://www.skyscanner.pl/transport/loty/KRK/AMS/250926/?adultsv2=1&cabinclass=economy&childrenv2=&inboundaltsenabled=false&outboundaltsenabled=false&preferdirects=false&ref=home&rtn=0,https://www.skyscanner.pl/transport/loty/AMS/KRK/250929/?adultsv2=1&cabinclass=economy&childrenv2=&inboundaltsenabled=false&outboundaltsenabled=false&preferdirects=false&ref=home&rtn=0,https://www.skyscanner.pl/transport/loty/KRK/AMS/250926/250929/?adultsv2=1&cabinclass=economy&childrenv2=&ref=home&rtn=1&preferdirects=false&outboundaltsenabled=false&inboundaltsenabled=false,Krakow-Amsterdam,2025-09,946.6284722,81.89900397,-3.963765815
Warsaw,Larnaca,Cyprus,Katowice,28/09/2025,02/10/2025,4,201,143,344,WAW,LCA,KTW,https://www.skyscanner.pl/transport/loty/WAW/LCA/250928/?adultsv2=1&cabinclass=economy&childrenv2=&inboundaltsenabled=false&outboundaltsenabled=false&preferdirects=false&ref=home&rtn=0,https://www.skyscanner.pl/transport/loty/LCA/KTW/251002/?adultsv2=1&cabinclass=economy&childrenv2=&inboundaltsenabled=false&outboundaltsenabled=false&preferdirects=false&ref=home&rtn=0,,Warsaw-Larnaca,2025-09,572.546729,57.99615629,-3.940722
Gdansk,Bilbao,Spain,Warsaw,29/09/2025,05/10/2025,6,634,342,976,GDN,BIO,WAW,https://www.skyscanner.pl/transport/loty/GDN/BIO/250929/?adultsv2=1&cabinclass=economy&childrenv2=&inboundaltsenabled=false&outboundaltsenabled=false&preferdirects=false&ref=home&rtn=0,https://www.skyscanner.pl/transport/loty/BIO/WAW/251005/?adultsv2=1&cabinclass=economy&childrenv2=&inboundaltsenabled=false&outboundaltsenabled=false&preferdirects=false&ref=home&rtn=0,,Gdansk-Bilbao,2025-09,1474.093333,126.4479184,-3.939118489
Gdansk,Bilbao,Spain,Warsaw,30/09/2025,05/10/2025,5,634,342,976,GDN,BIO,WAW,https://www.skyscanner.pl/transport/loty/GDN/BIO/250930/?adultsv2=1&cabinclass=economy&childrenv2=&inboundaltsenabled=false&outboundaltsenabled=false&preferdirects=false&ref=home&rtn=0,https://www.skyscanner.pl/transport/loty/BIO/WAW/251005/?adultsv2=1&cabinclass=economy&childrenv2=&inboundaltsenabled=false&outboundaltsenabled=false&preferdirects=false&ref=home&rtn=0,,Gdansk-Bilbao,2025-09,1474.093333,126.4479184,-3.939118489
Wroclaw,Amsterdam,Netherlands,Krakow,23/09/2025,29/09/2025,6,449,338,787,WRO,AMS,KRK,https://www.skyscanner.pl/transport/loty/WRO/AMS/250923/?adultsv2=1&cabinclass=economy&childrenv2=&inboundaltsenabled=false&outboundaltsenabled=false&preferdirects=false&ref=home&rtn=0,https://www.skyscanner.pl/transport/loty/AMS/KRK/250929/?adultsv2=1&cabinclass=economy&childrenv2=&inboundaltsenabled=false&outboundaltsenabled=false&preferdirects=false&ref=home&rtn=0,,Wroclaw-Amsterdam,2025-09,1078.467391,74.18538711,-3.928905714
Wroclaw,Amsterdam,Netherlands,Krakow,24/09/2025,29/09/2025,5,449,338,787,WRO,AMS,KRK,https://www.skyscanner.pl/transport/loty/WRO/AMS/250924/?adultsv2=1&cabinclass=economy&childrenv2=&inboundaltsenabled=false&outboundaltsenabled=false&preferdirects=false&ref=home&rtn=0,https://www.skyscanner.pl/transport/loty/AMS/KRK/250929/?adultsv2=1&cabinclass=economy&childrenv2=&inboundaltsenabled=false&outboundaltsenabled=false&preferdirects=false&ref=home&rtn=0,,Wroclaw-Amsterdam,2025-09,1078.467391,74.18538711,-3.928905714
Wroclaw,Amsterdam,Netherlands,Krakow,27/09/2025,29/09/2025,2,449,338,787,WRO,AMS,KRK,https://www.skyscanner.pl/transport/loty/WRO/AMS/250927/?adultsv2=1&cabinclass=economy&childrenv2=&inboundaltsenabled=false&outboundaltsenabled=false&preferdirects=false&ref=home&rtn=0,https://www.skyscanner.pl/transport/loty/AMS/KRK/250929/?adultsv2=1&cabinclass=economy&childrenv2=&inboundaltsenabled=false&outboundaltsenabled=false&preferdirects=false&ref=home&rtn=0,,Wroclaw-Amsterdam,2025-09,1078.467391,74.18538711,-3.928905714
Wroclaw,Amsterdam,Netherlands,Krakow,25/09/2025,29/09/2025,4,449,338,787,WRO,AMS,KRK,https://www.skyscanner.pl/transport/loty/WRO/AMS/250925/?adultsv2=1&cabinclass=economy&childrenv2=&inboundaltsenabled=false&outboundaltsenabled=false&preferdirects=false&ref=home&rtn=0,https://www.skyscanner.pl/transport/loty/AMS/KRK/250929/?adultsv2=1&cabinclass=economy&childrenv2=&inboundaltsenabled=false&outboundaltsenabled=false&preferdirects=false&ref=home&rtn=0,,Wroclaw-Amsterdam,2025-09,1078.467391,74.18538711,-3.928905714
Krakow,Amsterdam,Netherlands,Krakow,03/10/2025,06/10/2025,3,167,323,490,KRK,AMS,KRK,https://www.skyscanner.pl/transport/loty/KRK/AMS/251003/?adultsv2=1&cabinclass=economy&childrenv2=&inboundaltsenabled=false&outboundaltsenabled=false&preferdirects=false&ref=home&rtn=0,https://www.skyscanner.pl/transport/loty/AMS/KRK/251006/?adultsv2=1&cabinclass=economy&childrenv2=&inboundaltsenabled=false&outboundaltsenabled=false&preferdirects=false&ref=home&rtn=0,https://www.skyscanner.pl/transport/loty/KRK/AMS/251003/251006/?adultsv2=1&cabinclass=economy&childrenv2=&ref=home&rtn=1&preferdirects=false&outboundaltsenabled=false&inboundaltsenabled=false,Krakow-Amsterdam,2025-10,824.0678733,85.07819884,-3.926597858
Gdansk,Agadir,Morocco,Wroclaw,26/08/2025,30/08/2025,4,2087,839,2926,GDN,AGA,WRO,https://www.skyscanner.pl/transport/loty/GDN/AGA/250826/?adultsv2=1&cabinclass=economy&childrenv2=&inboundaltsenabled=false&outboundaltsenabled=false&preferdirects=false&ref=home&rtn=0,https://www.skyscanner.pl/transport/loty/AGA/WRO/250830/?adultsv2=1&cabinclass=economy&childrenv2=&inboundaltsenabled=false&outboundaltsenabled=false&preferdirects=false&ref=home&rtn=0,,Gdansk-Agadir,2025-08,7111.416667,1066.747401,-3.923531159
Katowice,Marrakesh,Morocco,Krakow,31/08/2025,06/09/2025,6,1301,351,1652,KTW,RAK,KRK,https://www.skyscanner.pl/transport/loty/KTW/RAK/250831/?adultsv2=1&cabinclass=economy&childrenv2=&inboundaltsenabled=false&outboundaltsenabled=false&preferdirects=false&ref=home&rtn=0,https://www.skyscanner.pl/transport/loty/RAK/KRK/250906/?adultsv2=1&cabinclass=economy&childrenv2=&inboundaltsenabled=false&outboundaltsenabled=false&preferdirects=false&ref=home&rtn=0,,Katowice-Marrakesh,2025-08,3675.186813,516.5499962,-3.916729896
Katowice,Agadir,Morocco,Krakow,27/10/2025,30/10/2025,3,219,1625,1844,KTW,AGA,KRK,https://www.skyscanner.pl/transport/loty/KTW/AGA/251027/?adultsv2=1&cabinclass=economy&childrenv2=&inboundaltsenabled=false&outboundaltsenabled=false&preferdirects=false&ref=home&rtn=0,https://www.skyscanner.pl/transport/loty/AGA/KRK/251030/?adultsv2=1&cabinclass=economy&childrenv2=&inboundaltsenabled=false&outboundaltsenabled=false&preferdirects=false&ref=home&rtn=0,,Katowice-Agadir,2025-10,5717.057416,989.0580487,-3.915905059
Gdansk,Istanbul,Turkey,Krakow,27/08/2025,02/09/2025,6,346,471,817,GDN,IST,KRK,https://www.skyscanner.pl/transport/loty/GDN/IST/250827/?adultsv2=1&cabinclass=economy&childrenv2=&inboundaltsenabled=false&outboundaltsenabled=false&preferdirects=false&ref=home&rtn=0,https://www.skyscanner.pl/transport/loty/IST/KRK/250902/?adultsv2=1&cabinclass=economy&childrenv2=&inboundaltsenabled=false&outboundaltsenabled=false&preferdirects=false&ref=home&rtn=0,,Gdansk-Istanbul,2025-08,1646.97861,212.0720348,-3.913663631
Gdansk,Istanbul,Turkey,Krakow,27/08/2025,03/09/2025,7,346,471,817,GDN,IST,KRK,https://www.skyscanner.pl/transport/loty/GDN/IST/250827/?adultsv2=1&cabinclass=economy&childrenv2=&inboundaltsenabled=false&outboundaltsenabled=false&preferdirects=false&ref=home&rtn=0,https://www.skyscanner.pl/transport/loty/IST/KRK/250903/?adultsv2=1&cabinclass=economy&childrenv2=&inboundaltsenabled=false&outboundaltsenabled=false&preferdirects=false&ref=home&rtn=0,,Gdansk-Istanbul,2025-08,1646.97861,212.0720348,-3.913663631
Warsaw,Abu Dhabi,United Arab Emirates,Krakow,30/09/2025,06/10/2025,6,1210,445,1655,WAW,AUH,KRK,https://www.skyscanner.pl/transport/loty/WAW/AUH/250930/?adultsv2=1&cabinclass=economy&childrenv2=&inboundaltsenabled=false&outboundaltsenabled=false&preferdirects=false&ref=home&rtn=0,https://www.skyscanner.pl/transport/loty/AUH/KRK/251006/?adultsv2=1&cabinclass=economy&childrenv2=&inboundaltsenabled=false&outboundaltsenabled=false&preferdirects=false&ref=home&rtn=0,,Warsaw-Abu Dhabi,2025-09,2838.792776,302.73787,-3.910289703
Krakow,Marseille,France,Wroclaw,19/09/2025,24/09/2025,5,152,100,252,KRK,MRS,WRO,https://www.skyscanner.pl/transport/loty/KRK/MRS/250919/?adultsv2=1&cabinclass=economy&childrenv2=&inboundaltsenabled=false&outboundaltsenabled=false&preferdirects=false&ref=home&rtn=0,https://www.skyscanner.pl/transport/loty/MRS/WRO/250924/?adultsv2=1&cabinclass=economy&childrenv2=&inboundaltsenabled=false&outboundaltsenabled=false&preferdirects=false&ref=home&rtn=0,,Krakow-Marseille,2025-09,663.4882943,105.6038677,-3.896526739
Katowice,Olbia,Italy,Krakow,30/09/2025,06/10/2025,6,475,394,869,KTW,OLB,KRK,https://www.skyscanner.pl/transport/loty/KTW/OLB/250930/?adultsv2=1&cabinclass=economy&childrenv2=&inboundaltsenabled=false&outboundaltsenabled=false&preferdirects=false&ref=home&rtn=0,https://www.skyscanner.pl/transport/loty/OLB/KRK/251006/?adultsv2=1&cabinclass=economy&childrenv2=&inboundaltsenabled=false&outboundaltsenabled=false&preferdirects=false&ref=home&rtn=0,,Katowice-Olbia,2025-09,1681.971963,209.1743634,-3.886575532
Krakow,Malaga,Spain,Katowice,29/09/2025,04/10/2025,5,219,197,416,KRK,AGP,KTW,https://www.skyscanner.pl/transport/loty/KRK/AGP/250929/?adultsv2=1&cabinclass=economy&childrenv2=&inboundaltsenabled=false&outboundaltsenabled=false&preferdirects=false&ref=home&rtn=0,https://www.skyscanner.pl/transport/loty/AGP/KTW/251004/?adultsv2=1&cabinclass=economy&childrenv2=&inboundaltsenabled=false&outboundaltsenabled=false&preferdirects=false&ref=home&rtn=0,,Krakow-Malaga,2025-09,697.4121212,72.43575689,-3.884989034
Poznan,Turin,Italy,Krakow,19/08/2025,21/08/2025,2,629,112,741,POZ,TRN,KRK,https://www.skyscanner.pl/transport/loty/POZ/TRN/250819/?adultsv2=1&cabinclass=economy&childrenv2=&inboundaltsenabled=false&outboundaltsenabled=false&preferdirects=false&ref=home&rtn=0,https://www.skyscanner.pl/transport/loty/TRN/KRK/250821/?adultsv2=1&cabinclass=economy&childrenv2=&inboundaltsenabled=false&outboundaltsenabled=false&preferdirects=false&ref=home&rtn=0,,Poznan-Turin,2025-08,1321.464706,149.4833764,-3.883138848
Warsaw,Turin,Italy,Krakow,26/08/2025,28/08/2025,2,859,76,935,WAW,TRN,KRK,https://www.skyscanner.pl/transport/loty/WAW/TRN/250826/?adultsv2=1&cabinclass=economy&childrenv2=&inboundaltsenabled=false&outboundaltsenabled=false&preferdirects=false&ref=home&rtn=0,https://www.skyscanner.pl/transport/loty/TRN/KRK/250828/?adultsv2=1&cabinclass=economy&childrenv2=&inboundaltsenabled=false&outboundaltsenabled=false&preferdirects=false&ref=home&rtn=0,,Warsaw-Turin,2025-08,1559.389356,160.8953083,-3.880718229
Warsaw,Turin,Italy,Krakow,21/08/2025,28/08/2025,7,859,76,935,WAW,TRN,KRK,https://www.skyscanner.pl/transport/loty/WAW/TRN/250821/?adultsv2=1&cabinclass=economy&childrenv2=&inboundaltsenabled=false&outboundaltsenabled=false&preferdirects=false&ref=home&rtn=0,https://www.skyscanner.pl/transport/loty/TRN/KRK/250828/?adultsv2=1&cabinclass=economy&childrenv2=&inboundaltsenabled=false&outboundaltsenabled=false&preferdirects=false&ref=home&rtn=0,,Warsaw-Turin,2025-08,1559.389356,160.8953083,-3.880718229
Warsaw,Amsterdam,Netherlands,Krakow,15/08/2025,18/08/2025,3,494,368,862,WAW,AMS,KRK,https://www.skyscanner.pl/transport/loty/WAW/AMS/250815/?adultsv2=1&cabinclass=economy&childrenv2=&inboundaltsenabled=false&outboundaltsenabled=false&preferdirects=false&ref=home&rtn=0,https://www.skyscanner.pl/transport/loty/AMS/KRK/250818/?adultsv2=1&cabinclass=economy&childrenv2=&inboundaltsenabled=false&outboundaltsenabled=false&preferdirects=false&ref=home&rtn=0,,Warsaw-Amsterdam,2025-08,1319.53951,118.1873938,-3.871305517
Katowice,Turin,Italy,Krakow,21/08/2025,28/08/2025,7,757,76,833,KTW,TRN,KRK,https://www.skyscanner.pl/transport/loty/KTW/TRN/250821/?adultsv2=1&cabinclass=economy&childrenv2=&inboundaltsenabled=false&outboundaltsenabled=false&preferdirects=false&ref=home&rtn=0,https://www.skyscanner.pl/transport/loty/TRN/KRK/250828/?adultsv2=1&cabinclass=economy&childrenv2=&inboundaltsenabled=false&outboundaltsenabled=false&preferdirects=false&ref=home&rtn=0,,Katowice-Turin,2025-08,1499.982249,172.5853989,-3.864650502
Wroclaw,Marseille,France,Krakow,22/10/2025,29/10/2025,7,104,128,232,WRO,MRS,KRK,https://www.skyscanner.pl/transport/loty/WRO/MRS/251022/?adultsv2=1&cabinclass=economy&childrenv2=&inboundaltsenabled=false&outboundaltsenabled=false&preferdirects=false&ref=home&rtn=0,https://www.skyscanner.pl/transport/loty/MRS/KRK/251029/?adultsv2=1&cabinclass=economy&childrenv2=&inboundaltsenabled=false&outboundaltsenabled=false&preferdirects=false&ref=home&rtn=0,,Wroclaw-Marseille,2025-10,616.744186,99.56792004,-3.864138026
Wroclaw,Marseille,France,Wroclaw,05/10/2025,08/10/2025,3,138,95,233,WRO,MRS,WRO,https://www.skyscanner.pl/transport/loty/WRO/MRS/251005/?adultsv2=1&cabinclass=economy&childrenv2=&inboundaltsenabled=false&outboundaltsenabled=false&preferdirects=false&ref=home&rtn=0,https://www.skyscanner.pl/transport/loty/MRS/WRO/251008/?adultsv2=1&cabinclass=economy&childrenv2=&inboundaltsenabled=false&outboundaltsenabled=false&preferdirects=false&ref=home&rtn=0,https://www.skyscanner.pl/transport/loty/WRO/MRS/251005/251008/?adultsv2=1&cabinclass=economy&childrenv2=&ref=home&rtn=1&preferdirects=false&outboundaltsenabled=false&inboundaltsenabled=false,Wroclaw-Marseille,2025-10,616.744186,99.56792004,-3.854094631
Krakow,Palma de Mallorca,Spain,Poznan,10/09/2025,15/09/2025,5,258,190,448,KRK,PMI,POZ,https://www.skyscanner.pl/transport/loty/KRK/PMI/250910/?adultsv2=1&cabinclass=economy&childrenv2=&inboundaltsenabled=false&outboundaltsenabled=false&preferdirects=false&ref=home&rtn=0,https://www.skyscanner.pl/transport/loty/PMI/POZ/250915/?adultsv2=1&cabinclass=economy&childrenv2=&inboundaltsenabled=false&outboundaltsenabled=false&preferdirects=false&ref=home&rtn=0,,Krakow-Palma de Mallorca,2025-09,681.12,60.56157297,-3.849305567
Krakow,Budapest,Hungary,Katowice,30/09/2025,02/10/2025,2,468,94,562,KRK,BUD,KTW,https://www.skyscanner.pl/transport/loty/KRK/BUD/250930/?adultsv2=1&cabinclass=economy&childrenv2=&inboundaltsenabled=false&outboundaltsenabled=false&preferdirects=false&ref=home&rtn=0,https://www.skyscanner.pl/transport/loty/BUD/KTW/251002/?adultsv2=1&cabinclass=economy&childrenv2=&inboundaltsenabled=false&outboundaltsenabled=false&preferdirects=false&ref=home&rtn=0,,Krakow-Budapest,2025-09,671.4025424,28.42764301,-3.848456319
Krakow,Naples,Italy,Katowice,30/09/2025,05/10/2025,5,209,197,406,KRK,NAP,KTW,https://www.skyscanner.pl/transport/loty/KRK/NAP/250930/?adultsv2=1&cabinclass=economy&childrenv2=&inboundaltsenabled=false&outboundaltsenabled=false&preferdirects=false&ref=home&rtn=0,https://www.skyscanner.pl/transport/loty/NAP/KTW/251005/?adultsv2=1&cabinclass=economy&childrenv2=&inboundaltsenabled=false&outboundaltsenabled=false&preferdirects=false&ref=home&rtn=0,,Krakow-Naples,2025-09,800.9432314,103.6210256,-3.811419828
Warsaw,Zakynthos,Greece,Warsaw,18/10/2025,22/10/2025,4,560,618,1178,WAW,ZTH,WAW,https://www.skyscanner.pl/transport/loty/WAW/ZTH/251018/?adultsv2=1&cabinclass=economy&childrenv2=&inboundaltsenabled=false&outboundaltsenabled=false&preferdirects=false&ref=home&rtn=0,https://www.skyscanner.pl/transport/loty/ZTH/WAW/251022/?adultsv2=1&cabinclass=economy&childrenv2=&inboundaltsenabled=false&outboundaltsenabled=false&preferdirects=false&ref=home&rtn=0,https://www.skyscanner.pl/transport/loty/WAW/ZTH/251018/251022/?adultsv2=1&cabinclass=economy&childrenv2=&ref=home&rtn=1&preferdirects=false&outboundaltsenabled=false&inboundaltsenabled=false,Warsaw-Zakynthos,2025-10,1421.016667,64.12238605,-3.789888082
Warsaw,Amsterdam,Netherlands,Krakow,20/09/2025,22/09/2025,2,391,368,759,WAW,AMS,KRK,https://www.skyscanner.pl/transport/loty/WAW/AMS/250920/?adultsv2=1&cabinclass=economy&childrenv2=&inboundaltsenabled=false&outboundaltsenabled=false&preferdirects=false&ref=home&rtn=0,https://www.skyscanner.pl/transport/loty/AMS/KRK/250922/?adultsv2=1&cabinclass=economy&childrenv2=&inboundaltsenabled=false&outboundaltsenabled=false&preferdirects=false&ref=home&rtn=0,,Warsaw-Amsterdam,2025-09,1031.808436,72.06318285,-3.785683966
Wroclaw,Bilbao,Spain,Warsaw,29/09/2025,05/10/2025,6,626,342,968,WRO,BIO,WAW,https://www.skyscanner.pl/transport/loty/WRO/BIO/250929/?adultsv2=1&cabinclass=economy&childrenv2=&inboundaltsenabled=false&outboundaltsenabled=false&preferdirects=false&ref=home&rtn=0,https://www.skyscanner.pl/transport/loty/BIO/WAW/251005/?adultsv2=1&cabinclass=economy&childrenv2=&inboundaltsenabled=false&outboundaltsenabled=false&preferdirects=false&ref=home&rtn=0,,Wroclaw-Bilbao,2025-09,1299.834025,88.0706478,-3.767816329
Wroclaw,Istanbul,Turkey,Krakow,28/08/2025,03/09/2025,6,624,471,1095,WRO,IST,KRK,https://www.skyscanner.pl/transport/loty/WRO/IST/250828/?adultsv2=1&cabinclass=economy&childrenv2=&inboundaltsenabled=false&outboundaltsenabled=false&preferdirects=false&ref=home&rtn=0,https://www.skyscanner.pl/transport/loty/IST/KRK/250903/?adultsv2=1&cabinclass=economy&childrenv2=&inboundaltsenabled=false&outboundaltsenabled=false&preferdirects=false&ref=home&rtn=0,,Wroclaw-Istanbul,2025-08,1700.116402,160.7676637,-3.763918615
Wroclaw,Istanbul,Turkey,Krakow,28/08/2025,04/09/2025,7,624,471,1095,WRO,IST,KRK,https://www.skyscanner.pl/transport/loty/WRO/IST/250828/?adultsv2=1&cabinclass=economy&childrenv2=&inboundaltsenabled=false&outboundaltsenabled=false&preferdirects=false&ref=home&rtn=0,https://www.skyscanner.pl/transport/loty/IST/KRK/250904/?adultsv2=1&cabinclass=economy&childrenv2=&inboundaltsenabled=false&outboundaltsenabled=false&preferdirects=false&ref=home&rtn=0,,Wroclaw-Istanbul,2025-08,1700.116402,160.7676637,-3.763918615
Wroclaw,Istanbul,Turkey,Krakow,28/08/2025,02/09/2025,5,624,471,1095,WRO,IST,KRK,https://www.skyscanner.pl/transport/loty/WRO/IST/250828/?adultsv2=1&cabinclass=economy&childrenv2=&inboundaltsenabled=false&outboundaltsenabled=false&preferdirects=false&ref=home&rtn=0,https://www.skyscanner.pl/transport/loty/IST/KRK/250902/?adultsv2=1&cabinclass=economy&childrenv2=&inboundaltsenabled=false&outboundaltsenabled=false&preferdirects=false&ref=home&rtn=0,,Wroclaw-Istanbul,2025-08,1700.116402,160.7676637,-3.763918615
Krakow,Amsterdam,Netherlands,Krakow,24/10/2025,27/10/2025,3,179,325,504,KRK,AMS,KRK,https://www.skyscanner.pl/transport/loty/KRK/AMS/251024/?adultsv2=1&cabinclass=economy&childrenv2=&inboundaltsenabled=false&outboundaltsenabled=false&preferdirects=false&ref=home&rtn=0,https://www.skyscanner.pl/transport/loty/AMS/KRK/251027/?adultsv2=1&cabinclass=economy&childrenv2=&inboundaltsenabled=false&outboundaltsenabled=false&preferdirects=false&ref=home&rtn=0,https://www.skyscanner.pl/transport/loty/KRK/AMS/251024/251027/?adultsv2=1&cabinclass=economy&childrenv2=&ref=home&rtn=1&preferdirects=false&outboundaltsenabled=false&inboundaltsenabled=false,Krakow-Amsterdam,2025-10,824.0678733,85.07819884,-3.762043363
Warsaw,Marseille,France,Wroclaw,24/09/2025,01/10/2025,7,413,95,508,WAW,MRS,WRO,https://www.skyscanner.pl/transport/loty/WAW/MRS/250924/?adultsv2=1&cabinclass=economy&childrenv2=&inboundaltsenabled=false&outboundaltsenabled=false&preferdirects=false&ref=home&rtn=0,https://www.skyscanner.pl/transport/loty/MRS/WRO/251001/?adultsv2=1&cabinclass=economy&childrenv2=&inboundaltsenabled=false&outboundaltsenabled=false&preferdirects=false&ref=home&rtn=0,,Warsaw-Marseille,2025-09,971.9963636,123.473366,-3.757865996
Warsaw,Marseille,France,Krakow,25/10/2025,29/10/2025,4,413,128,541,WAW,MRS,KRK,https://www.skyscanner.pl/transport/loty/WAW/MRS/251025/?adultsv2=1&cabinclass=economy&childrenv2=&inboundaltsenabled=false&outboundaltsenabled=false&preferdirects=false&ref=home&rtn=0,https://www.skyscanner.pl/transport/loty/MRS/KRK/251029/?adultsv2=1&cabinclass=economy&childrenv2=&inboundaltsenabled=false&outboundaltsenabled=false&preferdirects=false&ref=home&rtn=0,,Warsaw-Marseille,2025-10,849.5655022,82.20426785,-3.753643336
Warsaw,Marseille,France,Krakow,22/10/2025,29/10/2025,7,413,128,541,WAW,MRS,KRK,https://www.skyscanner.pl/transport/loty/WAW/MRS/251022/?adultsv2=1&cabinclass=economy&childrenv2=&inboundaltsenabled=false&outboundaltsenabled=false&preferdirects=false&ref=home&rtn=0,https://www.skyscanner.pl/transport/loty/MRS/KRK/251029/?adultsv2=1&cabinclass=economy&childrenv2=&inboundaltsenabled=false&outboundaltsenabled=false&preferdirects=false&ref=home&rtn=0,,Warsaw-Marseille,2025-10,849.5655022,82.20426785,-3.753643336
Warsaw,Marseille,France,Krakow,19/08/2025,26/08/2025,7,903,183,1086,WAW,MRS,KRK,https://www.skyscanner.pl/transport/loty/WAW/MRS/250819/?adultsv2=1&cabinclass=economy&childrenv2=&inboundaltsenabled=false&outboundaltsenabled=false&preferdirects=false&ref=home&rtn=0,https://www.skyscanner.pl/transport/loty/MRS/KRK/250826/?adultsv2=1&cabinclass=economy&childrenv2=&inboundaltsenabled=false&outboundaltsenabled=false&preferdirects=false&ref=home&rtn=0,,Warsaw-Marseille,2025-08,1617.330579,141.8490203,-3.745747256
Krakow,Lyon,France,Krakow,19/08/2025,26/08/2025,7,309,107,416,KRK,LYS,KRK,https://www.skyscanner.pl/transport/loty/KRK/LYS/250819/?adultsv2=1&cabinclass=economy&childrenv2=&inboundaltsenabled=false&outboundaltsenabled=false&preferdirects=false&ref=home&rtn=0,https://www.skyscanner.pl/transport/loty/LYS/KRK/250826/?adultsv2=1&cabinclass=economy&childrenv2=&inboundaltsenabled=false&outboundaltsenabled=false&preferdirects=false&ref=home&rtn=0,https://www.skyscanner.pl/transport/loty/KRK/LYS/250819/250826/?adultsv2=1&cabinclass=economy&childrenv2=&ref=home&rtn=1&preferdirects=false&outboundaltsenabled=false&inboundaltsenabled=false,Krakow-Lyon,2025-08,1052.486188,169.9312478,-3.745551193
Gdansk,Rhodes,Greece,Krakow,27/09/2025,02/10/2025,5,729,375,1104,GDN,RHO,KRK,https://www.skyscanner.pl/transport/loty/GDN/RHO/250927/?adultsv2=1&cabinclass=economy&childrenv2=&inboundaltsenabled=false&outboundaltsenabled=false&preferdirects=false&ref=home&rtn=0,https://www.skyscanner.pl/transport/loty/RHO/KRK/251002/?adultsv2=1&cabinclass=economy&childrenv2=&inboundaltsenabled=false&outboundaltsenabled=false&preferdirects=false&ref=home&rtn=0,,Gdansk-Rhodes,2025-09,1422.984127,85.24515087,-3.741962138
Krakow,Istanbul,Turkey,Krakow,22/10/2025,28/10/2025,6,347,471,818,KRK,IST,KRK,https://www.skyscanner.pl/transport/loty/KRK/IST/251022/?adultsv2=1&cabinclass=economy&childrenv2=&inboundaltsenabled=false&outboundaltsenabled=false&preferdirects=false&ref=home&rtn=0,https://www.skyscanner.pl/transport/loty/IST/KRK/251028/?adultsv2=1&cabinclass=economy&childrenv2=&inboundaltsenabled=false&outboundaltsenabled=false&preferdirects=false&ref=home&rtn=0,https://www.skyscanner.pl/transport/loty/KRK/IST/251022/251028/?adultsv2=1&cabinclass=economy&childrenv2=&ref=home&rtn=1&preferdirects=false&outboundaltsenabled=false&inboundaltsenabled=false,Krakow-Istanbul,2025-10,954.7155172,36.54690541,-3.740823353
Krakow,Istanbul,Turkey,Krakow,22/10/2025,25/10/2025,3,347,471,818,KRK,IST,KRK,https://www.skyscanner.pl/transport/loty/KRK/IST/251022/?adultsv2=1&cabinclass=economy&childrenv2=&inboundaltsenabled=false&outboundaltsenabled=false&preferdirects=false&ref=home&rtn=0,https://www.skyscanner.pl/transport/loty/IST/KRK/251025/?adultsv2=1&cabinclass=economy&childrenv2=&inboundaltsenabled=false&outboundaltsenabled=false&preferdirects=false&ref=home&rtn=0,https://www.skyscanner.pl/transport/loty/KRK/IST/251022/251025/?adultsv2=1&cabinclass=economy&childrenv2=&ref=home&rtn=1&preferdirects=false&outboundaltsenabled=false&inboundaltsenabled=false,Krakow-Istanbul,2025-10,954.7155172,36.54690541,-3.740823353
Krakow,Istanbul,Turkey,Krakow,22/10/2025,29/10/2025,7,347,471,818,KRK,IST,KRK,https://www.skyscanner.pl/transport/loty/KRK/IST/251022/?adultsv2=1&cabinclass=economy&childrenv2=&inboundaltsenabled=false&outboundaltsenabled=false&preferdirects=false&ref=home&rtn=0,https://www.skyscanner.pl/transport/loty/IST/KRK/251029/?adultsv2=1&cabinclass=economy&childrenv2=&inboundaltsenabled=false&outboundaltsenabled=false&preferdirects=false&ref=home&rtn=0,https://www.skyscanner.pl/transport/loty/KRK/IST/251022/251029/?adultsv2=1&cabinclass=economy&childrenv2=&ref=home&rtn=1&preferdirects=false&outboundaltsenabled=false&inboundaltsenabled=false,Krakow-Istanbul,2025-10,954.7155172,36.54690541,-3.740823353
Krakow,Amsterdam,Netherlands,Krakow,10/10/2025,13/10/2025,3,184,323,507,KRK,AMS,KRK,https://www.skyscanner.pl/transport/loty/KRK/AMS/251010/?adultsv2=1&cabinclass=economy&childrenv2=&inboundaltsenabled=false&outboundaltsenabled=false&preferdirects=false&ref=home&rtn=0,https://www.skyscanner.pl/transport/loty/AMS/KRK/251013/?adultsv2=1&cabinclass=economy&childrenv2=&inboundaltsenabled=false&outboundaltsenabled=false&preferdirects=false&ref=home&rtn=0,https://www.skyscanner.pl/transport/loty/KRK/AMS/251010/251013/?adultsv2=1&cabinclass=economy&childrenv2=&ref=home&rtn=1&preferdirects=false&outboundaltsenabled=false&inboundaltsenabled=false,Krakow-Amsterdam,2025-10,824.0678733,85.07819884,-3.726781686
Warsaw,Abu Dhabi,United Arab Emirates,Krakow,20/09/2025,22/09/2025,2,1347,364,1711,WAW,AUH,KRK,https://www.skyscanner.pl/transport/loty/WAW/AUH/250920/?adultsv2=1&cabinclass=economy&childrenv2=&inboundaltsenabled=false&outboundaltsenabled=false&preferdirects=false&ref=home&rtn=0,https://www.skyscanner.pl/transport/loty/AUH/KRK/250922/?adultsv2=1&cabinclass=economy&childrenv2=&inboundaltsenabled=false&outboundaltsenabled=false&preferdirects=false&ref=home&rtn=0,,Warsaw-Abu Dhabi,2025-09,2838.792776,302.73787,-3.725311193
Wroclaw,Amsterdam,Netherlands,Krakow,27/08/2025,29/08/2025,2,692,464,1156,WRO,AMS,KRK,https://www.skyscanner.pl/transport/loty/WRO/AMS/250827/?adultsv2=1&cabinclass=economy&childrenv2=&inboundaltsenabled=false&outboundaltsenabled=false&preferdirects=false&ref=home&rtn=0,https://www.skyscanner.pl/transport/loty/AMS/KRK/250829/?adultsv2=1&cabinclass=economy&childrenv2=&inboundaltsenabled=false&outboundaltsenabled=false&preferdirects=false&ref=home&rtn=0,,Wroclaw-Amsterdam,2025-08,1533.25,101.3135448,-3.723588991
Krakow,Amsterdam,Netherlands,Krakow,22/09/2025,29/09/2025,7,304,338,642,KRK,AMS,KRK,https://www.skyscanner.pl/transport/loty/KRK/AMS/250922/?adultsv2=1&cabinclass=economy&childrenv2=&inboundaltsenabled=false&outboundaltsenabled=false&preferdirects=false&ref=home&rtn=0,https://www.skyscanner.pl/transport/loty/AMS/KRK/250929/?adultsv2=1&cabinclass=economy&childrenv2=&inboundaltsenabled=false&outboundaltsenabled=false&preferdirects=false&ref=home&rtn=0,https://www.skyscanner.pl/transport/loty/KRK/AMS/250922/250929/?adultsv2=1&cabinclass=economy&childrenv2=&ref=home&rtn=1&preferdirects=false&outboundaltsenabled=false&inboundaltsenabled=false,Krakow-Amsterdam,2025-09,946.6284722,81.89900397,-3.719562601
Wroclaw,Olbia,Italy,Krakow,26/08/2025,01/09/2025,6,667,392,1059,WRO,OLB,KRK,https://www.skyscanner.pl/transport/loty/WRO/OLB/250826/?adultsv2=1&cabinclass=economy&childrenv2=&inboundaltsenabled=false&outboundaltsenabled=false&preferdirects=false&ref=home&rtn=0,https://www.skyscanner.pl/transport/loty/OLB/KRK/250901/?adultsv2=1&cabinclass=economy&childrenv2=&inboundaltsenabled=false&outboundaltsenabled=false&preferdirects=false&ref=home&rtn=0,,Wroclaw-Olbia,2025-08,1577.771028,139.4794107,-3.719337682
Warsaw,Marseille,France,Wroclaw,17/09/2025,24/09/2025,7,413,100,513,WAW,MRS,WRO,https://www.skyscanner.pl/transport/loty/WAW/MRS/250917/?adultsv2=1&cabinclass=economy&childrenv2=&inboundaltsenabled=false&outboundaltsenabled=false&preferdirects=false&ref=home&rtn=0,https://www.skyscanner.pl/transport/loty/MRS/WRO/250924/?adultsv2=1&cabinclass=economy&childrenv2=&inboundaltsenabled=false&outboundaltsenabled=false&preferdirects=false&ref=home&rtn=0,,Warsaw-Marseille,2025-09,971.9963636,123.473366,-3.717371433
Warsaw,Amsterdam,Netherlands,Krakow,30/09/2025,03/10/2025,3,390,374,764,WAW,AMS,KRK,https://www.skyscanner.pl/transport/loty/WAW/AMS/250930/?adultsv2=1&cabinclass=economy&childrenv2=&inboundaltsenabled=false&outboundaltsenabled=false&preferdirects=false&ref=home&rtn=0,https://www.skyscanner.pl/transport/loty/AMS/KRK/251003/?adultsv2=1&cabinclass=economy&childrenv2=&inboundaltsenabled=false&outboundaltsenabled=false&preferdirects=false&ref=home&rtn=0,,Warsaw-Amsterdam,2025-09,1031.808436,72.06318285,-3.716300408
Katowice,Marseille,France,Wroclaw,27/09/2025,01/10/2025,4,518,95,613,KTW,MRS,WRO,https://www.skyscanner.pl/transport/loty/KTW/MRS/250927/?adultsv2=1&cabinclass=economy&childrenv2=&inboundaltsenabled=false&outboundaltsenabled=false&preferdirects=false&ref=home&rtn=0,https://www.skyscanner.pl/transport/loty/MRS/WRO/251001/?adultsv2=1&cabinclass=economy&childrenv2=&inboundaltsenabled=false&outboundaltsenabled=false&preferdirects=false&ref=home&rtn=0,,Katowice-Marseille,2025-09,1000.793443,104.4412134,-3.713030804
Katowice,Marseille,France,Wroclaw,26/09/2025,01/10/2025,5,518,95,613,KTW,MRS,WRO,https://www.skyscanner.pl/transport/loty/KTW/MRS/250926/?adultsv2=1&cabinclass=economy&childrenv2=&inboundaltsenabled=false&outboundaltsenabled=false&preferdirects=false&ref=home&rtn=0,https://www.skyscanner.pl/transport/loty/MRS/WRO/251001/?adultsv2=1&cabinclass=economy&childrenv2=&inboundaltsenabled=false&outboundaltsenabled=false&preferdirects=false&ref=home&rtn=0,,Katowice-Marseille,2025-09,1000.793443,104.4412134,-3.713030804
Katowice,Marseille,France,Wroclaw,28/09/2025,01/10/2025,3,518,95,613,KTW,MRS,WRO,https://www.skyscanner.pl/transport/loty/KTW/MRS/250928/?adultsv2=1&cabinclass=economy&childrenv2=&inboundaltsenabled=false&outboundaltsenabled=false&preferdirects=false&ref=home&rtn=0,https://www.skyscanner.pl/transport/loty/MRS/WRO/251001/?adultsv2=1&cabinclass=economy&childrenv2=&inboundaltsenabled=false&outboundaltsenabled=false&preferdirects=false&ref=home&rtn=0,,Katowice-Marseille,2025-09,1000.793443,104.4412134,-3.713030804
Katowice,Marseille,France,Wroclaw,25/09/2025,01/10/2025,6,518,95,613,KTW,MRS,WRO,https://www.skyscanner.pl/transport/loty/KTW/MRS/250925/?adultsv2=1&cabinclass=economy&childrenv2=&inboundaltsenabled=false&outboundaltsenabled=false&preferdirects=false&ref=home&rtn=0,https://www.skyscanner.pl/transport/loty/MRS/WRO/251001/?adultsv2=1&cabinclass=economy&childrenv2=&inboundaltsenabled=false&outboundaltsenabled=false&preferdirects=false&ref=home&rtn=0,,Katowice-Marseille,2025-09,1000.793443,104.4412134,-3.713030804
Katowice,Marseille,France,Wroclaw,29/09/2025,01/10/2025,2,518,95,613,KTW,MRS,WRO,https://www.skyscanner.pl/transport/loty/KTW/MRS/250929/?adultsv2=1&cabinclass=economy&childrenv2=&inboundaltsenabled=false&outboundaltsenabled=false&preferdirects=false&ref=home&rtn=0,https://www.skyscanner.pl/transport/loty/MRS/WRO/251001/?adultsv2=1&cabinclass=economy&childrenv2=&inboundaltsenabled=false&outboundaltsenabled=false&preferdirects=false&ref=home&rtn=0,,Katowice-Marseille,2025-09,1000.793443,104.4412134,-3.713030804
Krakow,Marrakesh,Morocco,Warsaw,28/10/2025,31/10/2025,3,248,313,561,KRK,RAK,WAW,https://www.skyscanner.pl/transport/loty/KRK/RAK/251028/?adultsv2=1&cabinclass=economy&childrenv2=&inboundaltsenabled=false&outboundaltsenabled=false&preferdirects=false&ref=home&rtn=0,https://www.skyscanner.pl/transport/loty/RAK/WAW/251031/?adultsv2=1&cabinclass=economy&childrenv2=&inboundaltsenabled=false&outboundaltsenabled=false&preferdirects=false&ref=home&rtn=0,,Krakow-Marrakesh,2025-10,1162.509677,162.0863313,-3.711045049
Krakow,Rhodes,Greece,Krakow,08/09/2025,11/09/2025,3,224,316,540,KRK,RHO,KRK,https://www.skyscanner.pl/transport/loty/KRK/RHO/250908/?adultsv2=1&cabinclass=economy&childrenv2=&inboundaltsenabled=false&outboundaltsenabled=false&preferdirects=false&ref=home&rtn=0,https://www.skyscanner.pl/transport/loty/RHO/KRK/250911/?adultsv2=1&cabinclass=economy&childrenv2=&inboundaltsenabled=false&outboundaltsenabled=false&preferdirects=false&ref=home&rtn=0,https://www.skyscanner.pl/transport/loty/KRK/RHO/250908/250911/?adultsv2=1&cabinclass=economy&childrenv2=&ref=home&rtn=1&preferdirects=false&outboundaltsenabled=false&inboundaltsenabled=false,Krakow-Rhodes,2025-09,858.6546763,85.90352798,-3.709448072
Wroclaw,Reykjavik,Iceland,Gdansk,28/08/2025,04/09/2025,7,496,274,770,WRO,KEF,GDN,https://www.skyscanner.pl/transport/loty/WRO/KEF/250828/?adultsv2=1&cabinclass=economy&childrenv2=&inboundaltsenabled=false&outboundaltsenabled=false&preferdirects=false&ref=home&rtn=0,https://www.skyscanner.pl/transport/loty/KEF/GDN/250904/?adultsv2=1&cabinclass=economy&childrenv2=&inboundaltsenabled=false&outboundaltsenabled=false&preferdirects=false&ref=home&rtn=0,,Wroclaw-Reykjavik,2025-08,1665.969388,241.7926195,-3.705528273
Poznan,Split,Croatia,Katowice,31/08/2025,04/09/2025,4,682,197,879,POZ,SPU,KTW,https://www.skyscanner.pl/transport/loty/POZ/SPU/250831/?adultsv2=1&cabinclass=economy&childrenv2=&inboundaltsenabled=false&outboundaltsenabled=false&preferdirects=false&ref=home&rtn=0,https://www.skyscanner.pl/transport/loty/SPU/KTW/250904/?adultsv2=1&cabinclass=economy&childrenv2=&inboundaltsenabled=false&outboundaltsenabled=false&preferdirects=false&ref=home&rtn=0,,Poznan-Split,2025-08,1204.173913,87.80132923,-3.703519251
Warsaw,Amsterdam,Netherlands,Krakow,29/09/2025,03/10/2025,4,391,374,765,WAW,AMS,KRK,https://www.skyscanner.pl/transport/loty/WAW/AMS/250929/?adultsv2=1&cabinclass=economy&childrenv2=&inboundaltsenabled=false&outboundaltsenabled=false&preferdirects=false&ref=home&rtn=0,https://www.skyscanner.pl/transport/loty/AMS/KRK/251003/?adultsv2=1&cabinclass=economy&childrenv2=&inboundaltsenabled=false&outboundaltsenabled=false&preferdirects=false&ref=home&rtn=0,,Warsaw-Amsterdam,2025-09,1031.808436,72.06318285,-3.702423697
Warsaw,Amsterdam,Netherlands,Krakow,27/09/2025,03/10/2025,6,391,374,765,WAW,AMS,KRK,https://www.skyscanner.pl/transport/loty/WAW/AMS/250927/?adultsv2=1&cabinclass=economy&childrenv2=&inboundaltsenabled=false&outboundaltsenabled=false&preferdirects=false&ref=home&rtn=0,https://www.skyscanner.pl/transport/loty/AMS/KRK/251003/?adultsv2=1&cabinclass=economy&childrenv2=&inboundaltsenabled=false&outboundaltsenabled=false&preferdirects=false&ref=home&rtn=0,,Warsaw-Amsterdam,2025-09,1031.808436,72.06318285,-3.702423697
Gdansk,Catania,Italy,Katowice,29/09/2025,02/10/2025,3,611,197,808,GDN,CTA,KTW,https://www.skyscanner.pl/transport/loty/GDN/CTA/250929/?adultsv2=1&cabinclass=economy&childrenv2=&inboundaltsenabled=false&outboundaltsenabled=false&preferdirects=false&ref=home&rtn=0,https://www.skyscanner.pl/transport/loty/CTA/KTW/251002/?adultsv2=1&cabinclass=economy&childrenv2=&inboundaltsenabled=false&outboundaltsenabled=false&preferdirects=false&ref=home&rtn=0,,Gdansk-Catania,2025-09,1104.017544,80.00768152,-3.699864041
