departure,return,price,departure_airport,arrival_airport,date_of_export,DepartureCity,DepartureCountry,ArrivalCity,ArrivalCountry
2025-08-05,,1891,WAW,HER,2025-08-05,Warsaw,Poland,Heraklion,Greece
2025-08-06,,951,WAW,HER,2025-08-05,Warsaw,Poland,Heraklion,Greece
2025-08-07,,489,WAW,HER,2025-08-05,Warsaw,Poland,Heraklion,Greece
2025-08-08,,960,WAW,HER,2025-08-05,Warsaw,Poland,Heraklion,Greece
2025-08-09,,968,WAW,HER,2025-08-05,Warsaw,Poland,Heraklion,Greece
2025-08-10,,960,WAW,HER,2025-08-05,Warsaw,Poland,Heraklion,Greece
2025-08-11,,929,WAW,HER,2025-08-05,Warsaw,Poland,Heraklion,Greece
2025-08-12,,489,WAW,HER,2025-08-05,Warsaw,Poland,Heraklion,Greece
2025-08-13,,951,WAW,HER,2025-08-05,Warsaw,Poland,Heraklion,Greece
2025-08-14,,359,WAW,HER,2025-08-05,Warsaw,Poland,Heraklion,Greece
2025-08-15,,822,WAW,HER,2025-08-05,Warsaw,Poland,Heraklion,Greece
2025-08-16,,579,WAW,HER,2025-08-05,Warsaw,Poland,Heraklion,Greece
2025-08-17,,929,WAW,HER,2025-08-05,Warsaw,Poland,Heraklion,Greece
2025-08-18,,822,WAW,HER,2025-08-05,Warsaw,Poland,Heraklion,Greece
2025-08-19,,359,WAW,HER,2025-08-05,Warsaw,Poland,Heraklion,Greece
2025-08-20,,714,WAW,HER,2025-08-05,Warsaw,Poland,Heraklion,Greece
2025-08-21,,309,WAW,HER,2025-08-05,Warsaw,Poland,Heraklion,Greece
2025-08-22,,715,WAW,HER,2025-08-05,Warsaw,Poland,Heraklion,Greece
2025-08-23,,449,WAW,HER,2025-08-05,Warsaw,Poland,Heraklion,Greece
2025-08-24,,820,WAW,HER,2025-08-05,Warsaw,Poland,Heraklion,Greece
2025-08-25,,616,WAW,HER,2025-08-05,Warsaw,Poland,Heraklion,Greece
2025-08-26,,309,WAW,HER,2025-08-05,Warsaw,Poland,Heraklion,Greece
2025-08-27,,616,WAW,HER,2025-08-05,Warsaw,Poland,Heraklion,Greece
2025-08-28,,299,WAW,HER,2025-08-05,Warsaw,Poland,Heraklion,Greece
2025-08-29,,714,WAW,HER,2025-08-05,Warsaw,Poland,Heraklion,Greece
2025-08-30,,389,WAW,HER,2025-08-05,Warsaw,Poland,Heraklion,Greece
2025-08-31,,616,WAW,HER,2025-08-05,Warsaw,Poland,Heraklion,Greece
2025-09-01,,616,WAW,HER,2025-08-05,Warsaw,Poland,Heraklion,Greece
2025-09-02,,282,WAW,HER,2025-08-05,Warsaw,Poland,Heraklion,Greece
2025-09-03,,522,WAW,HER,2025-08-05,Warsaw,Poland,Heraklion,Greece
2025-09-04,,273,WAW,HER,2025-08-05,Warsaw,Poland,Heraklion,Greece
2025-09-05,,714,WAW,HER,2025-08-05,Warsaw,Poland,Heraklion,Greece
2025-09-06,,363,WAW,HER,2025-08-05,Warsaw,Poland,Heraklion,Greece
2025-09-07,,758,WAW,HER,2025-08-05,Warsaw,Poland,Heraklion,Greece
2025-09-08,,616,WAW,HER,2025-08-05,Warsaw,Poland,Heraklion,Greece
2025-09-09,,282,WAW,HER,2025-08-05,Warsaw,Poland,Heraklion,Greece
2025-09-10,,539,WAW,HER,2025-08-05,Warsaw,Poland,Heraklion,Greece
2025-09-11,,228,WAW,HER,2025-08-05,Warsaw,Poland,Heraklion,Greece
2025-09-12,,744,WAW,HER,2025-08-05,Warsaw,Poland,Heraklion,Greece
2025-09-13,,309,WAW,HER,2025-08-05,Warsaw,Poland,Heraklion,Greece
2025-09-14,,539,WAW,HER,2025-08-05,Warsaw,Poland,Heraklion,Greece
2025-09-15,,445,WAW,HER,2025-08-05,Warsaw,Poland,Heraklion,Greece
2025-09-16,,363,WAW,HER,2025-08-05,Warsaw,Poland,Heraklion,Greece
2025-09-17,,445,WAW,HER,2025-08-05,Warsaw,Poland,Heraklion,Greece
2025-09-18,,246,WAW,HER,2025-08-05,Warsaw,Poland,Heraklion,Greece
2025-09-19,,697,WAW,HER,2025-08-05,Warsaw,Poland,Heraklion,Greece
2025-09-20,,445,WAW,HER,2025-08-05,Warsaw,Poland,Heraklion,Greece
2025-09-21,,744,WAW,HER,2025-08-05,Warsaw,Poland,Heraklion,Greece
2025-09-22,,539,WAW,HER,2025-08-05,Warsaw,Poland,Heraklion,Greece
2025-09-23,,363,WAW,HER,2025-08-05,Warsaw,Poland,Heraklion,Greece
2025-09-24,,435,WAW,HER,2025-08-05,Warsaw,Poland,Heraklion,Greece
2025-09-25,,327,WAW,HER,2025-08-05,Warsaw,Poland,Heraklion,Greece
2025-09-26,,595,WAW,HER,2025-08-05,Warsaw,Poland,Heraklion,Greece
2025-09-27,,445,WAW,HER,2025-08-05,Warsaw,Poland,Heraklion,Greece
2025-09-28,,539,WAW,HER,2025-08-05,Warsaw,Poland,Heraklion,Greece
2025-09-29,,445,WAW,HER,2025-08-05,Warsaw,Poland,Heraklion,Greece
2025-09-30,,228,WAW,HER,2025-08-05,Warsaw,Poland,Heraklion,Greece
2025-10-01,,435,WAW,HER,2025-08-05,Warsaw,Poland,Heraklion,Greece
2025-10-02,,201,WAW,HER,2025-08-05,Warsaw,Poland,Heraklion,Greece
2025-10-03,,495,WAW,HER,2025-08-05,Warsaw,Poland,Heraklion,Greece
2025-10-04,,201,WAW,HER,2025-08-05,Warsaw,Poland,Heraklion,Greece
2025-10-05,,623,WAW,HER,2025-08-05,Warsaw,Poland,Heraklion,Greece
2025-10-06,,431,WAW,HER,2025-08-05,Warsaw,Poland,Heraklion,Greece
2025-10-07,,201,WAW,HER,2025-08-05,Warsaw,Poland,Heraklion,Greece
2025-10-08,,367,WAW,HER,2025-08-05,Warsaw,Poland,Heraklion,Greece
2025-10-09,,201,WAW,HER,2025-08-05,Warsaw,Poland,Heraklion,Greece
2025-10-10,,559,WAW,HER,2025-08-05,Warsaw,Poland,Heraklion,Greece
2025-10-11,,354,WAW,HER,2025-08-05,Warsaw,Poland,Heraklion,Greece
2025-10-12,,559,WAW,HER,2025-08-05,Warsaw,Poland,Heraklion,Greece
2025-10-13,,367,WAW,HER,2025-08-05,Warsaw,Poland,Heraklion,Greece
2025-10-14,,201,WAW,HER,2025-08-05,Warsaw,Poland,Heraklion,Greece
2025-10-15,,367,WAW,HER,2025-08-05,Warsaw,Poland,Heraklion,Greece
2025-10-16,,273,WAW,HER,2025-08-05,Warsaw,Poland,Heraklion,Greece
2025-10-17,,367,WAW,HER,2025-08-05,Warsaw,Poland,Heraklion,Greece
2025-10-18,,309,WAW,HER,2025-08-05,Warsaw,Poland,Heraklion,Greece
2025-10-19,,461,WAW,HER,2025-08-05,Warsaw,Poland,Heraklion,Greece
2025-10-20,,461,WAW,HER,2025-08-05,Warsaw,Poland,Heraklion,Greece
2025-10-21,,201,WAW,HER,2025-08-05,Warsaw,Poland,Heraklion,Greece
2025-10-22,,303,WAW,HER,2025-08-05,Warsaw,Poland,Heraklion,Greece
2025-10-23,,201,WAW,HER,2025-08-05,Warsaw,Poland,Heraklion,Greece
2025-10-24,,461,WAW,HER,2025-08-05,Warsaw,Poland,Heraklion,Greece
2025-10-25,,201,WAW,HER,2025-08-05,Warsaw,Poland,Heraklion,Greece
2025-10-26,,461,WAW,HER,2025-08-05,Warsaw,Poland,Heraklion,Greece
2025-10-27,,367,WAW,HER,2025-08-05,Warsaw,Poland,Heraklion,Greece
2025-10-28,,547,WAW,HER,2025-08-05,Warsaw,Poland,Heraklion,Greece
2025-10-29,,367,WAW,HER,2025-08-05,Warsaw,Poland,Heraklion,Greece
2025-10-30,,367,WAW,HER,2025-08-05,Warsaw,Poland,Heraklion,Greece
2025-10-31,,547,WAW,HER,2025-08-05,Warsaw,Poland,Heraklion,Greece
2025-11-01,,461,WAW,HER,2025-08-05,Warsaw,Poland,Heraklion,Greece
2025-11-02,,461,WAW,HER,2025-08-05,Warsaw,Poland,Heraklion,Greece
2025-11-03,,461,WAW,HER,2025-08-05,Warsaw,Poland,Heraklion,Greece
2025-11-04,,367,WAW,HER,2025-08-05,Warsaw,Poland,Heraklion,Greece
2025-11-05,,461,WAW,HER,2025-08-05,Warsaw,Poland,Heraklion,Greece
2025-11-06,,666,WAW,HER,2025-08-05,Warsaw,Poland,Heraklion,Greece
2025-11-07,,547,WAW,HER,2025-08-05,Warsaw,Poland,Heraklion,Greece
2025-11-08,,811,WAW,HER,2025-08-05,Warsaw,Poland,Heraklion,Greece
2025-11-09,,512,WAW,HER,2025-08-05,Warsaw,Poland,Heraklion,Greece
2025-11-10,,559,WAW,HER,2025-08-05,Warsaw,Poland,Heraklion,Greece
2025-11-11,,512,WAW,HER,2025-08-05,Warsaw,Poland,Heraklion,Greece
2025-11-12,,512,WAW,HER,2025-08-05,Warsaw,Poland,Heraklion,Greece
2025-11-13,,461,WAW,HER,2025-08-05,Warsaw,Poland,Heraklion,Greece
2025-11-14,,367,WAW,HER,2025-08-05,Warsaw,Poland,Heraklion,Greece
2025-11-15,,367,WAW,HER,2025-08-05,Warsaw,Poland,Heraklion,Greece
2025-11-16,,367,WAW,HER,2025-08-05,Warsaw,Poland,Heraklion,Greece
2025-11-17,,461,WAW,HER,2025-08-05,Warsaw,Poland,Heraklion,Greece
2025-11-18,,367,WAW,HER,2025-08-05,Warsaw,Poland,Heraklion,Greece
2025-11-19,,461,WAW,HER,2025-08-05,Warsaw,Poland,Heraklion,Greece
2025-11-20,,461,WAW,HER,2025-08-05,Warsaw,Poland,Heraklion,Greece
2025-11-21,,303,WAW,HER,2025-08-05,Warsaw,Poland,Heraklion,Greece
2025-11-22,,461,WAW,HER,2025-08-05,Warsaw,Poland,Heraklion,Greece
2025-11-23,,461,WAW,HER,2025-08-05,Warsaw,Poland,Heraklion,Greece
2025-11-24,,461,WAW,HER,2025-08-05,Warsaw,Poland,Heraklion,Greece
2025-11-25,,461,WAW,HER,2025-08-05,Warsaw,Poland,Heraklion,Greece
2025-11-26,,461,WAW,HER,2025-08-05,Warsaw,Poland,Heraklion,Greece
2025-11-27,,461,WAW,HER,2025-08-05,Warsaw,Poland,Heraklion,Greece
2025-11-28,,367,WAW,HER,2025-08-05,Warsaw,Poland,Heraklion,Greece
2025-11-29,,367,WAW,HER,2025-08-05,Warsaw,Poland,Heraklion,Greece
2025-11-30,,367,WAW,HER,2025-08-05,Warsaw,Poland,Heraklion,Greece
2025-12-01,,461,WAW,HER,2025-08-05,Warsaw,Poland,Heraklion,Greece
2025-12-02,,367,WAW,HER,2025-08-05,Warsaw,Poland,Heraklion,Greece
2025-12-03,,461,WAW,HER,2025-08-05,Warsaw,Poland,Heraklion,Greece
2025-12-04,,461,WAW,HER,2025-08-05,Warsaw,Poland,Heraklion,Greece
2025-12-05,,367,WAW,HER,2025-08-05,Warsaw,Poland,Heraklion,Greece
2025-12-06,,461,WAW,HER,2025-08-05,Warsaw,Poland,Heraklion,Greece
2025-12-07,,461,WAW,HER,2025-08-05,Warsaw,Poland,Heraklion,Greece
2025-12-08,,461,WAW,HER,2025-08-05,Warsaw,Poland,Heraklion,Greece
2025-12-09,,367,WAW,HER,2025-08-05,Warsaw,Poland,Heraklion,Greece
2025-12-10,,461,WAW,HER,2025-08-05,Warsaw,Poland,Heraklion,Greece
2025-12-11,,461,WAW,HER,2025-08-05,Warsaw,Poland,Heraklion,Greece
2025-12-12,,303,WAW,HER,2025-08-05,Warsaw,Poland,Heraklion,Greece
2025-12-13,,367,WAW,HER,2025-08-05,Warsaw,Poland,Heraklion,Greece
2025-12-14,,367,WAW,HER,2025-08-05,Warsaw,Poland,Heraklion,Greece
2025-12-15,,461,WAW,HER,2025-08-05,Warsaw,Poland,Heraklion,Greece
2025-12-16,,367,WAW,HER,2025-08-05,Warsaw,Poland,Heraklion,Greece
2025-12-17,,461,WAW,HER,2025-08-05,Warsaw,Poland,Heraklion,Greece
2025-12-18,,367,WAW,HER,2025-08-05,Warsaw,Poland,Heraklion,Greece
2025-12-19,,367,WAW,HER,2025-08-05,Warsaw,Poland,Heraklion,Greece
2025-12-20,,367,WAW,HER,2025-08-05,Warsaw,Poland,Heraklion,Greece
2025-12-21,,461,WAW,HER,2025-08-05,Warsaw,Poland,Heraklion,Greece
2025-12-22,,461,WAW,HER,2025-08-05,Warsaw,Poland,Heraklion,Greece
2025-12-23,,461,WAW,HER,2025-08-05,Warsaw,Poland,Heraklion,Greece
2025-12-24,,461,WAW,HER,2025-08-05,Warsaw,Poland,Heraklion,Greece
2025-12-25,,367,WAW,HER,2025-08-05,Warsaw,Poland,Heraklion,Greece
2025-12-26,,559,WAW,HER,2025-08-05,Warsaw,Poland,Heraklion,Greece
2025-12-27,,704,WAW,HER,2025-08-05,Warsaw,Poland,Heraklion,Greece
2025-12-28,,666,WAW,HER,2025-08-05,Warsaw,Poland,Heraklion,Greece
2025-12-29,,559,WAW,HER,2025-08-05,Warsaw,Poland,Heraklion,Greece
2025-12-30,,666,WAW,HER,2025-08-05,Warsaw,Poland,Heraklion,Greece
2025-08-05,,2613,WAW,RHO,2025-08-05,Warsaw,Poland,Rhodes,Greece
2025-08-06,,727,WAW,RHO,2025-08-05,Warsaw,Poland,Rhodes,Greece
2025-08-07,,649,WAW,RHO,2025-08-05,Warsaw,Poland,Rhodes,Greece
2025-08-08,,847,WAW,RHO,2025-08-05,Warsaw,Poland,Rhodes,Greece
2025-08-09,,847,WAW,RHO,2025-08-05,Warsaw,Poland,Rhodes,Greece
2025-08-10,,399,WAW,RHO,2025-08-05,Warsaw,Poland,Rhodes,Greece
2025-08-11,,847,WAW,RHO,2025-08-05,Warsaw,Poland,Rhodes,Greece
2025-08-12,,727,WAW,RHO,2025-08-05,Warsaw,Poland,Rhodes,Greece
2025-08-13,,847,WAW,RHO,2025-08-05,Warsaw,Poland,Rhodes,Greece
2025-08-14,,339,WAW,RHO,2025-08-05,Warsaw,Poland,Rhodes,Greece
2025-08-15,,727,WAW,RHO,2025-08-05,Warsaw,Poland,Rhodes,Greece
2025-08-16,,727,WAW,RHO,2025-08-05,Warsaw,Poland,Rhodes,Greece
2025-08-17,,539,WAW,RHO,2025-08-05,Warsaw,Poland,Rhodes,Greece
2025-08-18,,620,WAW,RHO,2025-08-05,Warsaw,Poland,Rhodes,Greece
2025-08-19,,620,WAW,RHO,2025-08-05,Warsaw,Poland,Rhodes,Greece
2025-08-20,,620,WAW,RHO,2025-08-05,Warsaw,Poland,Rhodes,Greece
2025-08-21,,249,WAW,RHO,2025-08-05,Warsaw,Poland,Rhodes,Greece
2025-08-22,,727,WAW,RHO,2025-08-05,Warsaw,Poland,Rhodes,Greece
2025-08-23,,549,WAW,RHO,2025-08-05,Warsaw,Poland,Rhodes,Greece
2025-08-24,,269,WAW,RHO,2025-08-05,Warsaw,Poland,Rhodes,Greece
2025-08-25,,522,WAW,RHO,2025-08-05,Warsaw,Poland,Rhodes,Greece
2025-08-26,,522,WAW,RHO,2025-08-05,Warsaw,Poland,Rhodes,Greece
2025-08-27,,522,WAW,RHO,2025-08-05,Warsaw,Poland,Rhodes,Greece
2025-08-28,,249,WAW,RHO,2025-08-05,Warsaw,Poland,Rhodes,Greece
2025-08-29,,620,WAW,RHO,2025-08-05,Warsaw,Poland,Rhodes,Greece
2025-08-30,,685,WAW,RHO,2025-08-05,Warsaw,Poland,Rhodes,Greece
2025-08-31,,299,WAW,RHO,2025-08-05,Warsaw,Poland,Rhodes,Greece
2025-09-01,,620,WAW,RHO,2025-08-05,Warsaw,Poland,Rhodes,Greece
2025-09-02,,620,WAW,RHO,2025-08-05,Warsaw,Poland,Rhodes,Greece
2025-09-03,,522,WAW,RHO,2025-08-05,Warsaw,Poland,Rhodes,Greece
2025-09-04,,228,WAW,RHO,2025-08-05,Warsaw,Poland,Rhodes,Greece
2025-09-05,,620,WAW,RHO,2025-08-05,Warsaw,Poland,Rhodes,Greece
2025-09-06,,620,WAW,RHO,2025-08-05,Warsaw,Poland,Rhodes,Greece
2025-09-07,,246,WAW,RHO,2025-08-05,Warsaw,Poland,Rhodes,Greece
2025-09-08,,620,WAW,RHO,2025-08-05,Warsaw,Poland,Rhodes,Greece
2025-09-09,,522,WAW,RHO,2025-08-05,Warsaw,Poland,Rhodes,Greece
2025-09-10,,445,WAW,RHO,2025-08-05,Warsaw,Poland,Rhodes,Greece
2025-09-11,,192,WAW,RHO,2025-08-05,Warsaw,Poland,Rhodes,Greece
2025-09-12,,770,WAW,RHO,2025-08-05,Warsaw,Poland,Rhodes,Greece
2025-09-13,,650,WAW,RHO,2025-08-05,Warsaw,Poland,Rhodes,Greece
2025-09-14,,192,WAW,RHO,2025-08-05,Warsaw,Poland,Rhodes,Greece
2025-09-15,,445,WAW,RHO,2025-08-05,Warsaw,Poland,Rhodes,Greece
2025-09-16,,445,WAW,RHO,2025-08-05,Warsaw,Poland,Rhodes,Greece
2025-09-17,,445,WAW,RHO,2025-08-05,Warsaw,Poland,Rhodes,Greece
2025-09-18,,192,WAW,RHO,2025-08-05,Warsaw,Poland,Rhodes,Greece
2025-09-19,,770,WAW,RHO,2025-08-05,Warsaw,Poland,Rhodes,Greece
2025-09-20,,445,WAW,RHO,2025-08-05,Warsaw,Poland,Rhodes,Greece
2025-09-21,,770,WAW,RHO,2025-08-05,Warsaw,Poland,Rhodes,Greece
2025-09-22,,543,WAW,RHO,2025-08-05,Warsaw,Poland,Rhodes,Greece
2025-09-23,,445,WAW,RHO,2025-08-05,Warsaw,Poland,Rhodes,Greece
2025-09-24,,445,WAW,RHO,2025-08-05,Warsaw,Poland,Rhodes,Greece
2025-09-25,,650,WAW,RHO,2025-08-05,Warsaw,Poland,Rhodes,Greece
2025-09-26,,650,WAW,RHO,2025-08-05,Warsaw,Poland,Rhodes,Greece
2025-09-27,,445,WAW,RHO,2025-08-05,Warsaw,Poland,Rhodes,Greece
2025-09-28,,445,WAW,RHO,2025-08-05,Warsaw,Poland,Rhodes,Greece
2025-09-29,,445,WAW,RHO,2025-08-05,Warsaw,Poland,Rhodes,Greece
2025-09-30,,445,WAW,RHO,2025-08-05,Warsaw,Poland,Rhodes,Greece
2025-10-01,,599,WAW,RHO,2025-08-05,Warsaw,Poland,Rhodes,Greece
2025-10-02,,529,WAW,RHO,2025-08-05,Warsaw,Poland,Rhodes,Greece
2025-10-03,,705,WAW,RHO,2025-08-05,Warsaw,Poland,Rhodes,Greece
2025-10-04,,636,WAW,RHO,2025-08-05,Warsaw,Poland,Rhodes,Greece
2025-10-05,,636,WAW,RHO,2025-08-05,Warsaw,Poland,Rhodes,Greece
2025-10-06,,431,WAW,RHO,2025-08-05,Warsaw,Poland,Rhodes,Greece
2025-10-07,,367,WAW,RHO,2025-08-05,Warsaw,Poland,Rhodes,Greece
2025-10-08,,367,WAW,RHO,2025-08-05,Warsaw,Poland,Rhodes,Greece
2025-10-09,,367,WAW,RHO,2025-08-05,Warsaw,Poland,Rhodes,Greece
2025-10-10,,572,WAW,RHO,2025-08-05,Warsaw,Poland,Rhodes,Greece
2025-10-11,,367,WAW,RHO,2025-08-05,Warsaw,Poland,Rhodes,Greece
2025-10-12,,572,WAW,RHO,2025-08-05,Warsaw,Poland,Rhodes,Greece
2025-10-13,,367,WAW,RHO,2025-08-05,Warsaw,Poland,Rhodes,Greece
2025-10-14,,303,WAW,RHO,2025-08-05,Warsaw,Poland,Rhodes,Greece
2025-10-15,,367,WAW,RHO,2025-08-05,Warsaw,Poland,Rhodes,Greece
2025-10-16,,303,WAW,RHO,2025-08-05,Warsaw,Poland,Rhodes,Greece
2025-10-17,,367,WAW,RHO,2025-08-05,Warsaw,Poland,Rhodes,Greece
2025-10-18,,367,WAW,RHO,2025-08-05,Warsaw,Poland,Rhodes,Greece
2025-10-19,,367,WAW,RHO,2025-08-05,Warsaw,Poland,Rhodes,Greece
2025-10-20,,367,WAW,RHO,2025-08-05,Warsaw,Poland,Rhodes,Greece
2025-10-21,,367,WAW,RHO,2025-08-05,Warsaw,Poland,Rhodes,Greece
2025-10-22,,303,WAW,RHO,2025-08-05,Warsaw,Poland,Rhodes,Greece
2025-10-23,,367,WAW,RHO,2025-08-05,Warsaw,Poland,Rhodes,Greece
2025-10-24,,465,WAW,RHO,2025-08-05,Warsaw,Poland,Rhodes,Greece
2025-10-25,,441,WAW,RHO,2025-08-05,Warsaw,Poland,Rhodes,Greece
2025-10-26,,465,WAW,RHO,2025-08-05,Warsaw,Poland,Rhodes,Greece
2025-10-27,,512,WAW,RHO,2025-08-05,Warsaw,Poland,Rhodes,Greece
2025-10-28,,550,WAW,RHO,2025-08-05,Warsaw,Poland,Rhodes,Greece
2025-10-29,,512,WAW,RHO,2025-08-05,Warsaw,Poland,Rhodes,Greece
2025-10-30,,512,WAW,RHO,2025-08-05,Warsaw,Poland,Rhodes,Greece
2025-10-31,,572,WAW,RHO,2025-08-05,Warsaw,Poland,Rhodes,Greece
2025-11-01,,515,WAW,RHO,2025-08-05,Warsaw,Poland,Rhodes,Greece
2025-11-02,,465,WAW,RHO,2025-08-05,Warsaw,Poland,Rhodes,Greece
2025-11-03,,448,WAW,RHO,2025-08-05,Warsaw,Poland,Rhodes,Greece
2025-11-04,,448,WAW,RHO,2025-08-05,Warsaw,Poland,Rhodes,Greece
2025-11-05,,610,WAW,RHO,2025-08-05,Warsaw,Poland,Rhodes,Greece
2025-11-06,,610,WAW,RHO,2025-08-05,Warsaw,Poland,Rhodes,Greece
2025-11-07,,822,WAW,RHO,2025-08-05,Warsaw,Poland,Rhodes,Greece
2025-11-08,,837,WAW,RHO,2025-08-05,Warsaw,Poland,Rhodes,Greece
2025-11-09,,512,WAW,RHO,2025-08-05,Warsaw,Poland,Rhodes,Greece
2025-11-10,,512,WAW,RHO,2025-08-05,Warsaw,Poland,Rhodes,Greece
2025-11-11,,512,WAW,RHO,2025-08-05,Warsaw,Poland,Rhodes,Greece
2025-11-12,,512,WAW,RHO,2025-08-05,Warsaw,Poland,Rhodes,Greece
2025-11-13,,448,WAW,RHO,2025-08-05,Warsaw,Poland,Rhodes,Greece
2025-11-14,,303,WAW,RHO,2025-08-05,Warsaw,Poland,Rhodes,Greece
2025-11-15,,448,WAW,RHO,2025-08-05,Warsaw,Poland,Rhodes,Greece
2025-11-16,,303,WAW,RHO,2025-08-05,Warsaw,Poland,Rhodes,Greece
2025-11-17,,512,WAW,RHO,2025-08-05,Warsaw,Poland,Rhodes,Greece
2025-11-18,,610,WAW,RHO,2025-08-05,Warsaw,Poland,Rhodes,Greece
2025-11-19,,448,WAW,RHO,2025-08-05,Warsaw,Poland,Rhodes,Greece
2025-11-20,,448,WAW,RHO,2025-08-05,Warsaw,Poland,Rhodes,Greece
2025-11-21,,303,WAW,RHO,2025-08-05,Warsaw,Poland,Rhodes,Greece
2025-11-22,,512,WAW,RHO,2025-08-05,Warsaw,Poland,Rhodes,Greece
2025-11-23,,367,WAW,RHO,2025-08-05,Warsaw,Poland,Rhodes,Greece
2025-11-24,,512,WAW,RHO,2025-08-05,Warsaw,Poland,Rhodes,Greece
2025-11-25,,610,WAW,RHO,2025-08-05,Warsaw,Poland,Rhodes,Greece
2025-11-26,,512,WAW,RHO,2025-08-05,Warsaw,Poland,Rhodes,Greece
2025-11-27,,448,WAW,RHO,2025-08-05,Warsaw,Poland,Rhodes,Greece
2025-11-28,,251,WAW,RHO,2025-08-05,Warsaw,Poland,Rhodes,Greece
2025-11-29,,448,WAW,RHO,2025-08-05,Warsaw,Poland,Rhodes,Greece
2025-11-30,,367,WAW,RHO,2025-08-05,Warsaw,Poland,Rhodes,Greece
2025-12-01,,512,WAW,RHO,2025-08-05,Warsaw,Poland,Rhodes,Greece
2025-12-02,,654,WAW,RHO,2025-08-05,Warsaw,Poland,Rhodes,Greece
2025-12-03,,448,WAW,RHO,2025-08-05,Warsaw,Poland,Rhodes,Greece
2025-12-04,,448,WAW,RHO,2025-08-05,Warsaw,Poland,Rhodes,Greece
2025-12-05,,303,WAW,RHO,2025-08-05,Warsaw,Poland,Rhodes,Greece
2025-12-06,,512,WAW,RHO,2025-08-05,Warsaw,Poland,Rhodes,Greece
2025-12-07,,367,WAW,RHO,2025-08-05,Warsaw,Poland,Rhodes,Greece
2025-12-08,,581,WAW,RHO,2025-08-05,Warsaw,Poland,Rhodes,Greece
2025-12-09,,610,WAW,RHO,2025-08-05,Warsaw,Poland,Rhodes,Greece
2025-12-10,,448,WAW,RHO,2025-08-05,Warsaw,Poland,Rhodes,Greece
2025-12-11,,448,WAW,RHO,2025-08-05,Warsaw,Poland,Rhodes,Greece
2025-12-12,,303,WAW,RHO,2025-08-05,Warsaw,Poland,Rhodes,Greece
2025-12-13,,512,WAW,RHO,2025-08-05,Warsaw,Poland,Rhodes,Greece
2025-12-14,,303,WAW,RHO,2025-08-05,Warsaw,Poland,Rhodes,Greece
2025-12-15,,512,WAW,RHO,2025-08-05,Warsaw,Poland,Rhodes,Greece
2025-12-16,,654,WAW,RHO,2025-08-05,Warsaw,Poland,Rhodes,Greece
2025-12-17,,512,WAW,RHO,2025-08-05,Warsaw,Poland,Rhodes,Greece
2025-12-18,,512,WAW,RHO,2025-08-05,Warsaw,Poland,Rhodes,Greece
2025-12-19,,367,WAW,RHO,2025-08-05,Warsaw,Poland,Rhodes,Greece
2025-12-20,,512,WAW,RHO,2025-08-05,Warsaw,Poland,Rhodes,Greece
2025-12-21,,465,WAW,RHO,2025-08-05,Warsaw,Poland,Rhodes,Greece
2025-12-22,,512,WAW,RHO,2025-08-05,Warsaw,Poland,Rhodes,Greece
2025-12-23,,610,WAW,RHO,2025-08-05,Warsaw,Poland,Rhodes,Greece
2025-12-24,,512,WAW,RHO,2025-08-05,Warsaw,Poland,Rhodes,Greece
2025-12-25,,512,WAW,RHO,2025-08-05,Warsaw,Poland,Rhodes,Greece
2025-12-26,,572,WAW,RHO,2025-08-05,Warsaw,Poland,Rhodes,Greece
2025-12-27,,837,WAW,RHO,2025-08-05,Warsaw,Poland,Rhodes,Greece
2025-12-28,,692,WAW,RHO,2025-08-05,Warsaw,Poland,Rhodes,Greece
2025-12-29,,717,WAW,RHO,2025-08-05,Warsaw,Poland,Rhodes,Greece
2025-12-30,,761,WAW,RHO,2025-08-05,Warsaw,Poland,Rhodes,Greece
2025-08-06,,1497,POZ,HER,2025-08-05,Poznan,Poland,Heraklion,Greece
2025-08-07,,1270,POZ,HER,2025-08-05,Poznan,Poland,Heraklion,Greece
2025-08-08,,1107,POZ,HER,2025-08-05,Poznan,Poland,Heraklion,Greece
2025-08-09,,1325,POZ,HER,2025-08-05,Poznan,Poland,Heraklion,Greece
2025-08-10,,944,POZ,HER,2025-08-05,Poznan,Poland,Heraklion,Greece
2025-08-11,,1414,POZ,HER,2025-08-05,Poznan,Poland,Heraklion,Greece
2025-08-12,,1093,POZ,HER,2025-08-05,Poznan,Poland,Heraklion,Greece
2025-08-13,,1093,POZ,HER,2025-08-05,Poznan,Poland,Heraklion,Greece
2025-08-14,,1270,POZ,HER,2025-08-05,Poznan,Poland,Heraklion,Greece
2025-08-15,,945,POZ,HER,2025-08-05,Poznan,Poland,Heraklion,Greece
2025-08-16,,945,POZ,HER,2025-08-05,Poznan,Poland,Heraklion,Greece
2025-08-17,,790,POZ,HER,2025-08-05,Poznan,Poland,Heraklion,Greece
2025-08-18,,1195,POZ,HER,2025-08-05,Poznan,Poland,Heraklion,Greece
2025-08-19,,953,POZ,HER,2025-08-05,Poznan,Poland,Heraklion,Greece
2025-08-20,,1048,POZ,HER,2025-08-05,Poznan,Poland,Heraklion,Greece
2025-08-21,,790,POZ,HER,2025-08-05,Poznan,Poland,Heraklion,Greece
2025-08-22,,790,POZ,HER,2025-08-05,Poznan,Poland,Heraklion,Greece
2025-08-23,,790,POZ,HER,2025-08-05,Poznan,Poland,Heraklion,Greece
2025-08-24,,803,POZ,HER,2025-08-05,Poznan,Poland,Heraklion,Greece
2025-08-25,,820,POZ,HER,2025-08-05,Poznan,Poland,Heraklion,Greece
2025-08-26,,790,POZ,HER,2025-08-05,Poznan,Poland,Heraklion,Greece
2025-08-27,,790,POZ,HER,2025-08-05,Poznan,Poland,Heraklion,Greece
2025-08-28,,790,POZ,HER,2025-08-05,Poznan,Poland,Heraklion,Greece
2025-08-29,,761,POZ,HER,2025-08-05,Poznan,Poland,Heraklion,Greece
2025-08-30,,681,POZ,HER,2025-08-05,Poznan,Poland,Heraklion,Greece
2025-08-31,,820,POZ,HER,2025-08-05,Poznan,Poland,Heraklion,Greece
2025-09-01,,1270,POZ,HER,2025-08-05,Poznan,Poland,Heraklion,Greece
2025-09-02,,966,POZ,HER,2025-08-05,Poznan,Poland,Heraklion,Greece
2025-09-03,,546,POZ,HER,2025-08-05,Poznan,Poland,Heraklion,Greece
2025-09-04,,790,POZ,HER,2025-08-05,Poznan,Poland,Heraklion,Greece
2025-09-05,,817,POZ,HER,2025-08-05,Poznan,Poland,Heraklion,Greece
2025-09-06,,681,POZ,HER,2025-08-05,Poznan,Poland,Heraklion,Greece
2025-09-07,,820,POZ,HER,2025-08-05,Poznan,Poland,Heraklion,Greece
2025-09-08,,820,POZ,HER,2025-08-05,Poznan,Poland,Heraklion,Greece
2025-09-09,,665,POZ,HER,2025-08-05,Poznan,Poland,Heraklion,Greece
2025-09-10,,623,POZ,HER,2025-08-05,Poznan,Poland,Heraklion,Greece
2025-09-11,,790,POZ,HER,2025-08-05,Poznan,Poland,Heraklion,Greece
2025-09-12,,419,POZ,HER,2025-08-05,Poznan,Poland,Heraklion,Greece
2025-09-13,,681,POZ,HER,2025-08-05,Poznan,Poland,Heraklion,Greece
2025-09-14,,820,POZ,HER,2025-08-05,Poznan,Poland,Heraklion,Greece
2025-09-15,,1195,POZ,HER,2025-08-05,Poznan,Poland,Heraklion,Greece
2025-09-16,,810,POZ,HER,2025-08-05,Poznan,Poland,Heraklion,Greece
2025-09-17,,546,POZ,HER,2025-08-05,Poznan,Poland,Heraklion,Greece
2025-09-18,,879,POZ,HER,2025-08-05,Poznan,Poland,Heraklion,Greece
2025-09-19,,419,POZ,HER,2025-08-05,Poznan,Poland,Heraklion,Greece
2025-09-20,,577,POZ,HER,2025-08-05,Poznan,Poland,Heraklion,Greece
2025-09-21,,611,POZ,HER,2025-08-05,Poznan,Poland,Heraklion,Greece
2025-09-22,,966,POZ,HER,2025-08-05,Poznan,Poland,Heraklion,Greece
2025-09-23,,419,POZ,HER,2025-08-05,Poznan,Poland,Heraklion,Greece
2025-09-24,,817,POZ,HER,2025-08-05,Poznan,Poland,Heraklion,Greece
2025-09-25,,715,POZ,HER,2025-08-05,Poznan,Poland,Heraklion,Greece
2025-09-26,,419,POZ,HER,2025-08-05,Poznan,Poland,Heraklion,Greece
2025-09-27,,480,POZ,HER,2025-08-05,Poznan,Poland,Heraklion,Greece
2025-09-28,,611,POZ,HER,2025-08-05,Poznan,Poland,Heraklion,Greece
2025-09-29,,820,POZ,HER,2025-08-05,Poznan,Poland,Heraklion,Greece
2025-09-30,,820,POZ,HER,2025-08-05,Poznan,Poland,Heraklion,Greece
2025-10-01,,419,POZ,HER,2025-08-05,Poznan,Poland,Heraklion,Greece
2025-10-02,,803,POZ,HER,2025-08-05,Poznan,Poland,Heraklion,Greece
2025-10-03,,712,POZ,HER,2025-08-05,Poznan,Poland,Heraklion,Greece
2025-10-04,,419,POZ,HER,2025-08-05,Poznan,Poland,Heraklion,Greece
2025-10-05,,715,POZ,HER,2025-08-05,Poznan,Poland,Heraklion,Greece
2025-10-06,,1603,POZ,HER,2025-08-05,Poznan,Poland,Heraklion,Greece
2025-10-07,,847,POZ,HER,2025-08-05,Poznan,Poland,Heraklion,Greece
2025-10-08,,419,POZ,HER,2025-08-05,Poznan,Poland,Heraklion,Greece
2025-10-09,,681,POZ,HER,2025-08-05,Poznan,Poland,Heraklion,Greece
2025-10-10,,712,POZ,HER,2025-08-05,Poznan,Poland,Heraklion,Greece
2025-10-11,,1032,POZ,HER,2025-08-05,Poznan,Poland,Heraklion,Greece
2025-10-12,,715,POZ,HER,2025-08-05,Poznan,Poland,Heraklion,Greece
2025-10-13,,1096,POZ,HER,2025-08-05,Poznan,Poland,Heraklion,Greece
2025-10-14,,790,POZ,HER,2025-08-05,Poznan,Poland,Heraklion,Greece
2025-10-15,,810,POZ,HER,2025-08-05,Poznan,Poland,Heraklion,Greece
2025-10-16,,611,POZ,HER,2025-08-05,Poznan,Poland,Heraklion,Greece
2025-10-17,,577,POZ,HER,2025-08-05,Poznan,Poland,Heraklion,Greece
2025-10-18,,577,POZ,HER,2025-08-05,Poznan,Poland,Heraklion,Greece
2025-10-19,,577,POZ,HER,2025-08-05,Poznan,Poland,Heraklion,Greece
2025-10-20,,790,POZ,HER,2025-08-05,Poznan,Poland,Heraklion,Greece
2025-10-21,,820,POZ,HER,2025-08-05,Poznan,Poland,Heraklion,Greece
2025-10-22,,419,POZ,HER,2025-08-05,Poznan,Poland,Heraklion,Greece
2025-10-23,,473,POZ,HER,2025-08-05,Poznan,Poland,Heraklion,Greece
2025-10-24,,473,POZ,HER,2025-08-05,Poznan,Poland,Heraklion,Greece
2025-10-25,,480,POZ,HER,2025-08-05,Poznan,Poland,Heraklion,Greece
2025-10-26,,820,POZ,HER,2025-08-05,Poznan,Poland,Heraklion,Greece
2025-10-27,,847,POZ,HER,2025-08-05,Poznan,Poland,Heraklion,Greece
2025-10-28,,473,POZ,HER,2025-08-05,Poznan,Poland,Heraklion,Greece
2025-10-29,,473,POZ,HER,2025-08-05,Poznan,Poland,Heraklion,Greece
2025-10-30,,473,POZ,HER,2025-08-05,Poznan,Poland,Heraklion,Greece
2025-10-31,,473,POZ,HER,2025-08-05,Poznan,Poland,Heraklion,Greece
2025-11-01,,856,POZ,HER,2025-08-05,Poznan,Poland,Heraklion,Greece
2025-11-02,,820,POZ,HER,2025-08-05,Poznan,Poland,Heraklion,Greece
2025-11-03,,847,POZ,HER,2025-08-05,Poznan,Poland,Heraklion,Greece
2025-11-04,,473,POZ,HER,2025-08-05,Poznan,Poland,Heraklion,Greece
2025-11-05,,473,POZ,HER,2025-08-05,Poznan,Poland,Heraklion,Greece
2025-11-06,,665,POZ,HER,2025-08-05,Poznan,Poland,Heraklion,Greece
2025-11-07,,790,POZ,HER,2025-08-05,Poznan,Poland,Heraklion,Greece
2025-11-08,,786,POZ,HER,2025-08-05,Poznan,Poland,Heraklion,Greece
2025-11-09,,820,POZ,HER,2025-08-05,Poznan,Poland,Heraklion,Greece
2025-11-10,,786,POZ,HER,2025-08-05,Poznan,Poland,Heraklion,Greece
2025-11-11,,820,POZ,HER,2025-08-05,Poznan,Poland,Heraklion,Greece
2025-11-12,,508,POZ,HER,2025-08-05,Poznan,Poland,Heraklion,Greece
2025-11-13,,820,POZ,HER,2025-08-05,Poznan,Poland,Heraklion,Greece
2025-11-14,,473,POZ,HER,2025-08-05,Poznan,Poland,Heraklion,Greece
2025-11-15,,682,POZ,HER,2025-08-05,Poznan,Poland,Heraklion,Greece
2025-11-16,,820,POZ,HER,2025-08-05,Poznan,Poland,Heraklion,Greece
2025-11-17,,786,POZ,HER,2025-08-05,Poznan,Poland,Heraklion,Greece
2025-08-06,,1498,POZ,RHO,2025-08-05,Poznan,Poland,Rhodes,Greece
2025-08-07,,1673,POZ,RHO,2025-08-05,Poznan,Poland,Rhodes,Greece
2025-08-08,,1206,POZ,RHO,2025-08-05,Poznan,Poland,Rhodes,Greece
2025-08-09,,1206,POZ,RHO,2025-08-05,Poznan,Poland,Rhodes,Greece
2025-08-10,,1545,POZ,RHO,2025-08-05,Poznan,Poland,Rhodes,Greece
2025-08-11,,1498,POZ,RHO,2025-08-05,Poznan,Poland,Rhodes,Greece
2025-08-12,,1357,POZ,RHO,2025-08-05,Poznan,Poland,Rhodes,Greece
2025-08-13,,1520,POZ,RHO,2025-08-05,Poznan,Poland,Rhodes,Greece
2025-08-14,,1498,POZ,RHO,2025-08-05,Poznan,Poland,Rhodes,Greece
2025-08-15,,1234,POZ,RHO,2025-08-05,Poznan,Poland,Rhodes,Greece
2025-08-16,,863,POZ,RHO,2025-08-05,Poznan,Poland,Rhodes,Greece
2025-08-17,,1202,POZ,RHO,2025-08-05,Poznan,Poland,Rhodes,Greece
2025-08-18,,1511,POZ,RHO,2025-08-05,Poznan,Poland,Rhodes,Greece
2025-08-19,,1202,POZ,RHO,2025-08-05,Poznan,Poland,Rhodes,Greece
2025-08-20,,933,POZ,RHO,2025-08-05,Poznan,Poland,Rhodes,Greece
2025-08-21,,1081,POZ,RHO,2025-08-05,Poznan,Poland,Rhodes,Greece
2025-08-22,,732,POZ,RHO,2025-08-05,Poznan,Poland,Rhodes,Greece
2025-08-23,,732,POZ,RHO,2025-08-05,Poznan,Poland,Rhodes,Greece
2025-08-24,,1130,POZ,RHO,2025-08-05,Poznan,Poland,Rhodes,Greece
2025-08-25,,972,POZ,RHO,2025-08-05,Poznan,Poland,Rhodes,Greece
2025-08-26,,994,POZ,RHO,2025-08-05,Poznan,Poland,Rhodes,Greece
2025-08-27,,972,POZ,RHO,2025-08-05,Poznan,Poland,Rhodes,Greece
2025-08-28,,989,POZ,RHO,2025-08-05,Poznan,Poland,Rhodes,Greece
2025-08-29,,717,POZ,RHO,2025-08-05,Poznan,Poland,Rhodes,Greece
2025-08-30,,829,POZ,RHO,2025-08-05,Poznan,Poland,Rhodes,Greece
2025-08-31,,989,POZ,RHO,2025-08-05,Poznan,Poland,Rhodes,Greece
2025-09-01,,1173,POZ,RHO,2025-08-05,Poznan,Poland,Rhodes,Greece
2025-09-02,,962,POZ,RHO,2025-08-05,Poznan,Poland,Rhodes,Greece
2025-09-03,,1286,POZ,RHO,2025-08-05,Poznan,Poland,Rhodes,Greece
2025-09-04,,1234,POZ,RHO,2025-08-05,Poznan,Poland,Rhodes,Greece
2025-09-05,,863,POZ,RHO,2025-08-05,Poznan,Poland,Rhodes,Greece
2025-09-06,,928,POZ,RHO,2025-08-05,Poznan,Poland,Rhodes,Greece
2025-09-07,,962,POZ,RHO,2025-08-05,Poznan,Poland,Rhodes,Greece
2025-09-08,,1272,POZ,RHO,2025-08-05,Poznan,Poland,Rhodes,Greece
2025-09-09,,962,POZ,RHO,2025-08-05,Poznan,Poland,Rhodes,Greece
2025-09-10,,1264,POZ,RHO,2025-08-05,Poznan,Poland,Rhodes,Greece
2025-09-11,,972,POZ,RHO,2025-08-05,Poznan,Poland,Rhodes,Greece
2025-09-12,,1202,POZ,RHO,2025-08-05,Poznan,Poland,Rhodes,Greece
2025-09-13,,962,POZ,RHO,2025-08-05,Poznan,Poland,Rhodes,Greece
2025-09-14,,870,POZ,RHO,2025-08-05,Poznan,Poland,Rhodes,Greece
2025-09-15,,1272,POZ,RHO,2025-08-05,Poznan,Poland,Rhodes,Greece
2025-09-16,,902,POZ,RHO,2025-08-05,Poznan,Poland,Rhodes,Greece
2025-09-17,,1511,POZ,RHO,2025-08-05,Poznan,Poland,Rhodes,Greece
2025-09-18,,1395,POZ,RHO,2025-08-05,Poznan,Poland,Rhodes,Greece
2025-09-19,,863,POZ,RHO,2025-08-05,Poznan,Poland,Rhodes,Greece
2025-09-20,,864,POZ,RHO,2025-08-05,Poznan,Poland,Rhodes,Greece
2025-09-21,,864,POZ,RHO,2025-08-05,Poznan,Poland,Rhodes,Greece
2025-09-22,,864,POZ,RHO,2025-08-05,Poznan,Poland,Rhodes,Greece
2025-09-23,,902,POZ,RHO,2025-08-05,Poznan,Poland,Rhodes,Greece
2025-09-24,,1511,POZ,RHO,2025-08-05,Poznan,Poland,Rhodes,Greece
2025-09-25,,1511,POZ,RHO,2025-08-05,Poznan,Poland,Rhodes,Greece
2025-09-26,,1219,POZ,RHO,2025-08-05,Poznan,Poland,Rhodes,Greece
2025-09-27,,864,POZ,RHO,2025-08-05,Poznan,Poland,Rhodes,Greece
2025-09-28,,879,POZ,RHO,2025-08-05,Poznan,Poland,Rhodes,Greece
2025-09-29,,928,POZ,RHO,2025-08-05,Poznan,Poland,Rhodes,Greece
2025-09-30,,928,POZ,RHO,2025-08-05,Poznan,Poland,Rhodes,Greece
2025-10-01,,880,POZ,RHO,2025-08-05,Poznan,Poland,Rhodes,Greece
2025-10-02,,1544,POZ,RHO,2025-08-05,Poznan,Poland,Rhodes,Greece
2025-10-03,,1130,POZ,RHO,2025-08-05,Poznan,Poland,Rhodes,Greece
2025-10-04,,863,POZ,RHO,2025-08-05,Poznan,Poland,Rhodes,Greece
2025-10-05,,1202,POZ,RHO,2025-08-05,Poznan,Poland,Rhodes,Greece
2025-10-06,,1110,POZ,RHO,2025-08-05,Poznan,Poland,Rhodes,Greece
2025-10-07,,902,POZ,RHO,2025-08-05,Poznan,Poland,Rhodes,Greece
2025-10-08,,880,POZ,RHO,2025-08-05,Poznan,Poland,Rhodes,Greece
2025-10-09,,1103,POZ,RHO,2025-08-05,Poznan,Poland,Rhodes,Greece
2025-10-10,,1159,POZ,RHO,2025-08-05,Poznan,Poland,Rhodes,Greece
2025-10-11,,962,POZ,RHO,2025-08-05,Poznan,Poland,Rhodes,Greece
2025-10-12,,985,POZ,RHO,2025-08-05,Poznan,Poland,Rhodes,Greece
2025-10-13,,1068,POZ,RHO,2025-08-05,Poznan,Poland,Rhodes,Greece
2025-10-14,,850,POZ,RHO,2025-08-05,Poznan,Poland,Rhodes,Greece
2025-10-15,,880,POZ,RHO,2025-08-05,Poznan,Poland,Rhodes,Greece
2025-10-16,,879,POZ,RHO,2025-08-05,Poznan,Poland,Rhodes,Greece
2025-10-17,,1219,POZ,RHO,2025-08-05,Poznan,Poland,Rhodes,Greece
2025-10-18,,870,POZ,RHO,2025-08-05,Poznan,Poland,Rhodes,Greece
2025-10-19,,870,POZ,RHO,2025-08-05,Poznan,Poland,Rhodes,Greece
2025-10-20,,850,POZ,RHO,2025-08-05,Poznan,Poland,Rhodes,Greece
2025-10-21,,879,POZ,RHO,2025-08-05,Poznan,Poland,Rhodes,Greece
2025-10-22,,850,POZ,RHO,2025-08-05,Poznan,Poland,Rhodes,Greece
2025-10-23,,879,POZ,RHO,2025-08-05,Poznan,Poland,Rhodes,Greece
2025-10-24,,531,POZ,RHO,2025-08-05,Poznan,Poland,Rhodes,Greece
2025-10-25,,531,POZ,RHO,2025-08-05,Poznan,Poland,Rhodes,Greece
2025-10-26,,945,POZ,RHO,2025-08-05,Poznan,Poland,Rhodes,Greece
2025-10-27,,1230,POZ,RHO,2025-08-05,Poznan,Poland,Rhodes,Greece
2025-10-28,,879,POZ,RHO,2025-08-05,Poznan,Poland,Rhodes,Greece
2025-10-29,,880,POZ,RHO,2025-08-05,Poznan,Poland,Rhodes,Greece
2025-10-30,,1110,POZ,RHO,2025-08-05,Poznan,Poland,Rhodes,Greece
2025-10-31,,870,POZ,RHO,2025-08-05,Poznan,Poland,Rhodes,Greece
2025-11-01,,496,POZ,RHO,2025-08-05,Poznan,Poland,Rhodes,Greece
2025-11-02,,870,POZ,RHO,2025-08-05,Poznan,Poland,Rhodes,Greece
2025-11-03,,1027,POZ,RHO,2025-08-05,Poznan,Poland,Rhodes,Greece
2025-11-04,,1103,POZ,RHO,2025-08-05,Poznan,Poland,Rhodes,Greece
2025-11-05,,1288,POZ,RHO,2025-08-05,Poznan,Poland,Rhodes,Greece
2025-11-06,,1775,POZ,RHO,2025-08-05,Poznan,Poland,Rhodes,Greece
2025-11-07,,1011,POZ,RHO,2025-08-05,Poznan,Poland,Rhodes,Greece
2025-11-08,,698,POZ,RHO,2025-08-05,Poznan,Poland,Rhodes,Greece
2025-11-09,,1115,POZ,RHO,2025-08-05,Poznan,Poland,Rhodes,Greece
2025-08-05,,857,HER,WAW,2025-08-05,Heraklion,Greece,Warsaw,Poland
2025-08-06,,793,HER,WAW,2025-08-05,Heraklion,Greece,Warsaw,Poland
2025-08-07,,429,HER,WAW,2025-08-05,Heraklion,Greece,Warsaw,Poland
2025-08-08,,866,HER,WAW,2025-08-05,Heraklion,Greece,Warsaw,Poland
2025-08-09,,1161,HER,WAW,2025-08-05,Heraklion,Greece,Warsaw,Poland
2025-08-10,,1007,HER,WAW,2025-08-05,Heraklion,Greece,Warsaw,Poland
2025-08-11,,892,HER,WAW,2025-08-05,Heraklion,Greece,Warsaw,Poland
2025-08-12,,986,HER,WAW,2025-08-05,Heraklion,Greece,Warsaw,Poland
2025-08-13,,866,HER,WAW,2025-08-05,Heraklion,Greece,Warsaw,Poland
2025-08-14,,771,HER,WAW,2025-08-05,Heraklion,Greece,Warsaw,Poland
2025-08-15,,1131,HER,WAW,2025-08-05,Heraklion,Greece,Warsaw,Poland
2025-08-16,,921,HER,WAW,2025-08-05,Heraklion,Greece,Warsaw,Poland
2025-08-17,,1805,HER,WAW,2025-08-05,Heraklion,Greece,Warsaw,Poland
2025-08-18,,1011,HER,WAW,2025-08-05,Heraklion,Greece,Warsaw,Poland
2025-08-19,,866,HER,WAW,2025-08-05,Heraklion,Greece,Warsaw,Poland
2025-08-20,,866,HER,WAW,2025-08-05,Heraklion,Greece,Warsaw,Poland
2025-08-21,,771,HER,WAW,2025-08-05,Heraklion,Greece,Warsaw,Poland
2025-08-22,,866,HER,WAW,2025-08-05,Heraklion,Greece,Warsaw,Poland
2025-08-23,,1178,HER,WAW,2025-08-05,Heraklion,Greece,Warsaw,Poland
2025-08-24,,1271,HER,WAW,2025-08-05,Heraklion,Greece,Warsaw,Poland
2025-08-25,,1011,HER,WAW,2025-08-05,Heraklion,Greece,Warsaw,Poland
2025-08-26,,686,HER,WAW,2025-08-05,Heraklion,Greece,Warsaw,Poland
2025-08-27,,630,HER,WAW,2025-08-05,Heraklion,Greece,Warsaw,Poland
2025-08-28,,686,HER,WAW,2025-08-05,Heraklion,Greece,Warsaw,Poland
2025-08-29,,866,HER,WAW,2025-08-05,Heraklion,Greece,Warsaw,Poland
2025-08-30,,986,HER,WAW,2025-08-05,Heraklion,Greece,Warsaw,Poland
2025-08-31,,883,HER,WAW,2025-08-05,Heraklion,Greece,Warsaw,Poland
2025-09-01,,694,HER,WAW,2025-08-05,Heraklion,Greece,Warsaw,Poland
2025-09-02,,514,HER,WAW,2025-08-05,Heraklion,Greece,Warsaw,Poland
2025-09-03,,437,HER,WAW,2025-08-05,Heraklion,Greece,Warsaw,Poland
2025-09-04,,532,HER,WAW,2025-08-05,Heraklion,Greece,Warsaw,Poland
2025-09-05,,532,HER,WAW,2025-08-05,Heraklion,Greece,Warsaw,Poland
2025-09-06,,532,HER,WAW,2025-08-05,Heraklion,Greece,Warsaw,Poland
2025-09-07,,737,HER,WAW,2025-08-05,Heraklion,Greece,Warsaw,Poland
2025-09-08,,583,HER,WAW,2025-08-05,Heraklion,Greece,Warsaw,Poland
2025-09-09,,437,HER,WAW,2025-08-05,Heraklion,Greece,Warsaw,Poland
2025-09-10,,532,HER,WAW,2025-08-05,Heraklion,Greece,Warsaw,Poland
2025-09-11,,437,HER,WAW,2025-08-05,Heraklion,Greece,Warsaw,Poland
2025-09-12,,437,HER,WAW,2025-08-05,Heraklion,Greece,Warsaw,Poland
2025-09-13,,771,HER,WAW,2025-08-05,Heraklion,Greece,Warsaw,Poland
2025-09-14,,639,HER,WAW,2025-08-05,Heraklion,Greece,Warsaw,Poland
2025-09-15,,454,HER,WAW,2025-08-05,Heraklion,Greece,Warsaw,Poland
2025-09-16,,360,HER,WAW,2025-08-05,Heraklion,Greece,Warsaw,Poland
2025-09-17,,360,HER,WAW,2025-08-05,Heraklion,Greece,Warsaw,Poland
2025-09-18,,454,HER,WAW,2025-08-05,Heraklion,Greece,Warsaw,Poland
2025-09-19,,454,HER,WAW,2025-08-05,Heraklion,Greece,Warsaw,Poland
2025-09-20,,686,HER,WAW,2025-08-05,Heraklion,Greece,Warsaw,Poland
2025-09-21,,699,HER,WAW,2025-08-05,Heraklion,Greece,Warsaw,Poland
2025-09-22,,553,HER,WAW,2025-08-05,Heraklion,Greece,Warsaw,Poland
2025-09-23,,454,HER,WAW,2025-08-05,Heraklion,Greece,Warsaw,Poland
2025-09-24,,360,HER,WAW,2025-08-05,Heraklion,Greece,Warsaw,Poland
2025-09-25,,454,HER,WAW,2025-08-05,Heraklion,Greece,Warsaw,Poland
2025-09-26,,553,HER,WAW,2025-08-05,Heraklion,Greece,Warsaw,Poland
2025-09-27,,553,HER,WAW,2025-08-05,Heraklion,Greece,Warsaw,Poland
2025-09-28,,688,HER,WAW,2025-08-05,Heraklion,Greece,Warsaw,Poland
2025-09-29,,553,HER,WAW,2025-08-05,Heraklion,Greece,Warsaw,Poland
2025-09-30,,454,HER,WAW,2025-08-05,Heraklion,Greece,Warsaw,Poland
2025-10-01,,647,HER,WAW,2025-08-05,Heraklion,Greece,Warsaw,Poland
2025-10-02,,429,HER,WAW,2025-08-05,Heraklion,Greece,Warsaw,Poland
2025-10-03,,540,HER,WAW,2025-08-05,Heraklion,Greece,Warsaw,Poland
2025-10-04,,514,HER,WAW,2025-08-05,Heraklion,Greece,Warsaw,Poland
2025-10-05,,587,HER,WAW,2025-08-05,Heraklion,Greece,Warsaw,Poland
2025-10-06,,442,HER,WAW,2025-08-05,Heraklion,Greece,Warsaw,Poland
2025-10-07,,347,HER,WAW,2025-08-05,Heraklion,Greece,Warsaw,Poland
2025-10-08,,442,HER,WAW,2025-08-05,Heraklion,Greece,Warsaw,Poland
2025-10-09,,429,HER,WAW,2025-08-05,Heraklion,Greece,Warsaw,Poland
2025-10-10,,540,HER,WAW,2025-08-05,Heraklion,Greece,Warsaw,Poland
2025-10-11,,429,HER,WAW,2025-08-05,Heraklion,Greece,Warsaw,Poland
2025-10-12,,587,HER,WAW,2025-08-05,Heraklion,Greece,Warsaw,Poland
2025-10-13,,442,HER,WAW,2025-08-05,Heraklion,Greece,Warsaw,Poland
2025-10-14,,347,HER,WAW,2025-08-05,Heraklion,Greece,Warsaw,Poland
2025-10-15,,347,HER,WAW,2025-08-05,Heraklion,Greece,Warsaw,Poland
2025-10-16,,442,HER,WAW,2025-08-05,Heraklion,Greece,Warsaw,Poland
2025-10-17,,540,HER,WAW,2025-08-05,Heraklion,Greece,Warsaw,Poland
2025-10-18,,274,HER,WAW,2025-08-05,Heraklion,Greece,Warsaw,Poland
2025-10-19,,429,HER,WAW,2025-08-05,Heraklion,Greece,Warsaw,Poland
2025-10-20,,283,HER,WAW,2025-08-05,Heraklion,Greece,Warsaw,Poland
2025-10-21,,336,HER,WAW,2025-08-05,Heraklion,Greece,Warsaw,Poland
2025-10-22,,283,HER,WAW,2025-08-05,Heraklion,Greece,Warsaw,Poland
2025-10-23,,351,HER,WAW,2025-08-05,Heraklion,Greece,Warsaw,Poland
2025-10-24,,857,HER,WAW,2025-08-05,Heraklion,Greece,Warsaw,Poland
2025-10-25,,472,HER,WAW,2025-08-05,Heraklion,Greece,Warsaw,Poland
2025-10-26,,622,HER,WAW,2025-08-05,Heraklion,Greece,Warsaw,Poland
2025-10-27,,476,HER,WAW,2025-08-05,Heraklion,Greece,Warsaw,Poland
2025-10-28,,429,HER,WAW,2025-08-05,Heraklion,Greece,Warsaw,Poland
2025-10-29,,377,HER,WAW,2025-08-05,Heraklion,Greece,Warsaw,Poland
2025-10-30,,377,HER,WAW,2025-08-05,Heraklion,Greece,Warsaw,Poland
2025-10-31,,720,HER,WAW,2025-08-05,Heraklion,Greece,Warsaw,Poland
2025-11-01,,536,HER,WAW,2025-08-05,Heraklion,Greece,Warsaw,Poland
2025-11-02,,634,HER,WAW,2025-08-05,Heraklion,Greece,Warsaw,Poland
2025-11-03,,377,HER,WAW,2025-08-05,Heraklion,Greece,Warsaw,Poland
2025-11-04,,232,HER,WAW,2025-08-05,Heraklion,Greece,Warsaw,Poland
2025-11-05,,232,HER,WAW,2025-08-05,Heraklion,Greece,Warsaw,Poland
2025-11-06,,232,HER,WAW,2025-08-05,Heraklion,Greece,Warsaw,Poland
2025-11-07,,634,HER,WAW,2025-08-05,Heraklion,Greece,Warsaw,Poland
2025-11-08,,489,HER,WAW,2025-08-05,Heraklion,Greece,Warsaw,Poland
2025-11-09,,699,HER,WAW,2025-08-05,Heraklion,Greece,Warsaw,Poland
2025-11-10,,759,HER,WAW,2025-08-05,Heraklion,Greece,Warsaw,Poland
2025-11-11,,634,HER,WAW,2025-08-05,Heraklion,Greece,Warsaw,Poland
2025-11-12,,634,HER,WAW,2025-08-05,Heraklion,Greece,Warsaw,Poland
2025-11-13,,390,HER,WAW,2025-08-05,Heraklion,Greece,Warsaw,Poland
2025-11-14,,596,HER,WAW,2025-08-05,Heraklion,Greece,Warsaw,Poland
2025-11-15,,442,HER,WAW,2025-08-05,Heraklion,Greece,Warsaw,Poland
2025-11-16,,442,HER,WAW,2025-08-05,Heraklion,Greece,Warsaw,Poland
2025-11-17,,390,HER,WAW,2025-08-05,Heraklion,Greece,Warsaw,Poland
2025-11-18,,296,HER,WAW,2025-08-05,Heraklion,Greece,Warsaw,Poland
2025-11-19,,489,HER,WAW,2025-08-05,Heraklion,Greece,Warsaw,Poland
2025-11-20,,390,HER,WAW,2025-08-05,Heraklion,Greece,Warsaw,Poland
2025-11-21,,442,HER,WAW,2025-08-05,Heraklion,Greece,Warsaw,Poland
2025-11-22,,296,HER,WAW,2025-08-05,Heraklion,Greece,Warsaw,Poland
2025-11-23,,442,HER,WAW,2025-08-05,Heraklion,Greece,Warsaw,Poland
2025-11-24,,296,HER,WAW,2025-08-05,Heraklion,Greece,Warsaw,Poland
2025-11-25,,296,HER,WAW,2025-08-05,Heraklion,Greece,Warsaw,Poland
2025-11-26,,296,HER,WAW,2025-08-05,Heraklion,Greece,Warsaw,Poland
2025-11-27,,232,HER,WAW,2025-08-05,Heraklion,Greece,Warsaw,Poland
2025-11-28,,459,HER,WAW,2025-08-05,Heraklion,Greece,Warsaw,Poland
2025-11-29,,390,HER,WAW,2025-08-05,Heraklion,Greece,Warsaw,Poland
2025-11-30,,377,HER,WAW,2025-08-05,Heraklion,Greece,Warsaw,Poland
2025-12-01,,296,HER,WAW,2025-08-05,Heraklion,Greece,Warsaw,Poland
2025-12-02,,296,HER,WAW,2025-08-05,Heraklion,Greece,Warsaw,Poland
2025-12-03,,296,HER,WAW,2025-08-05,Heraklion,Greece,Warsaw,Poland
2025-12-04,,296,HER,WAW,2025-08-05,Heraklion,Greece,Warsaw,Poland
2025-12-05,,459,HER,WAW,2025-08-05,Heraklion,Greece,Warsaw,Poland
2025-12-06,,377,HER,WAW,2025-08-05,Heraklion,Greece,Warsaw,Poland
2025-12-07,,296,HER,WAW,2025-08-05,Heraklion,Greece,Warsaw,Poland
2025-12-08,,390,HER,WAW,2025-08-05,Heraklion,Greece,Warsaw,Poland
2025-12-09,,390,HER,WAW,2025-08-05,Heraklion,Greece,Warsaw,Poland
2025-12-10,,296,HER,WAW,2025-08-05,Heraklion,Greece,Warsaw,Poland
2025-12-11,,390,HER,WAW,2025-08-05,Heraklion,Greece,Warsaw,Poland
2025-12-12,,459,HER,WAW,2025-08-05,Heraklion,Greece,Warsaw,Poland
2025-12-13,,442,HER,WAW,2025-08-05,Heraklion,Greece,Warsaw,Poland
2025-12-14,,390,HER,WAW,2025-08-05,Heraklion,Greece,Warsaw,Poland
2025-12-15,,390,HER,WAW,2025-08-05,Heraklion,Greece,Warsaw,Poland
2025-12-16,,390,HER,WAW,2025-08-05,Heraklion,Greece,Warsaw,Poland
2025-12-17,,296,HER,WAW,2025-08-05,Heraklion,Greece,Warsaw,Poland
2025-12-18,,296,HER,WAW,2025-08-05,Heraklion,Greece,Warsaw,Poland
2025-12-19,,390,HER,WAW,2025-08-05,Heraklion,Greece,Warsaw,Poland
2025-12-20,,390,HER,WAW,2025-08-05,Heraklion,Greece,Warsaw,Poland
2025-12-21,,536,HER,WAW,2025-08-05,Heraklion,Greece,Warsaw,Poland
2025-12-22,,390,HER,WAW,2025-08-05,Heraklion,Greece,Warsaw,Poland
2025-12-23,,489,HER,WAW,2025-08-05,Heraklion,Greece,Warsaw,Poland
2025-12-24,,390,HER,WAW,2025-08-05,Heraklion,Greece,Warsaw,Poland
2025-12-25,,296,HER,WAW,2025-08-05,Heraklion,Greece,Warsaw,Poland
2025-12-26,,480,HER,WAW,2025-08-05,Heraklion,Greece,Warsaw,Poland
2025-12-27,,296,HER,WAW,2025-08-05,Heraklion,Greece,Warsaw,Poland
2025-12-28,,489,HER,WAW,2025-08-05,Heraklion,Greece,Warsaw,Poland
2025-12-29,,390,HER,WAW,2025-08-05,Heraklion,Greece,Warsaw,Poland
2025-12-30,,390,HER,WAW,2025-08-05,Heraklion,Greece,Warsaw,Poland
2025-08-05,,2470,HER,POZ,2025-08-05,Heraklion,Greece,Poznan,Poland
2025-08-06,,1077,HER,POZ,2025-08-05,Heraklion,Greece,Poznan,Poland
2025-08-07,,1077,HER,POZ,2025-08-05,Heraklion,Greece,Poznan,Poland
2025-08-08,,1077,HER,POZ,2025-08-05,Heraklion,Greece,Poznan,Poland
2025-08-09,,1043,HER,POZ,2025-08-05,Heraklion,Greece,Poznan,Poland
2025-08-10,,1540,HER,POZ,2025-08-05,Heraklion,Greece,Poznan,Poland
2025-08-11,,921,HER,POZ,2025-08-05,Heraklion,Greece,Poznan,Poland
2025-08-12,,1292,HER,POZ,2025-08-05,Heraklion,Greece,Poznan,Poland
2025-08-13,,1540,HER,POZ,2025-08-05,Heraklion,Greece,Poznan,Poland
2025-08-14,,1874,HER,POZ,2025-08-05,Heraklion,Greece,Poznan,Poland
2025-08-15,,1960,HER,POZ,2025-08-05,Heraklion,Greece,Poznan,Poland
2025-08-16,,1292,HER,POZ,2025-08-05,Heraklion,Greece,Poznan,Poland
2025-08-17,,1541,HER,POZ,2025-08-05,Heraklion,Greece,Poznan,Poland
2025-08-18,,1476,HER,POZ,2025-08-05,Heraklion,Greece,Poznan,Poland
2025-08-19,,1292,HER,POZ,2025-08-05,Heraklion,Greece,Poznan,Poland
2025-08-20,,1840,HER,POZ,2025-08-05,Heraklion,Greece,Poznan,Poland
2025-08-21,,1840,HER,POZ,2025-08-05,Heraklion,Greece,Poznan,Poland
2025-08-22,,1840,HER,POZ,2025-08-05,Heraklion,Greece,Poznan,Poland
2025-08-23,,1541,HER,POZ,2025-08-05,Heraklion,Greece,Poznan,Poland
2025-08-24,,1540,HER,POZ,2025-08-05,Heraklion,Greece,Poznan,Poland
2025-08-25,,1292,HER,POZ,2025-08-05,Heraklion,Greece,Poznan,Poland
2025-08-26,,1540,HER,POZ,2025-08-05,Heraklion,Greece,Poznan,Poland
2025-08-27,,921,HER,POZ,2025-08-05,Heraklion,Greece,Poznan,Poland
2025-08-28,,1777,HER,POZ,2025-08-05,Heraklion,Greece,Poznan,Poland
2025-08-29,,1502,HER,POZ,2025-08-05,Heraklion,Greece,Poznan,Poland
2025-08-30,,1707,HER,POZ,2025-08-05,Heraklion,Greece,Poznan,Poland
2025-08-31,,1297,HER,POZ,2025-08-05,Heraklion,Greece,Poznan,Poland
2025-09-01,,912,HER,POZ,2025-08-05,Heraklion,Greece,Poznan,Poland
2025-09-02,,771,HER,POZ,2025-08-05,Heraklion,Greece,Poznan,Poland
2025-09-03,,782,HER,POZ,2025-08-05,Heraklion,Greece,Poznan,Poland
2025-09-04,,963,HER,POZ,2025-08-05,Heraklion,Greece,Poznan,Poland
2025-09-05,,1139,HER,POZ,2025-08-05,Heraklion,Greece,Poznan,Poland
2025-09-06,,1411,HER,POZ,2025-08-05,Heraklion,Greece,Poznan,Poland
2025-09-07,,761,HER,POZ,2025-08-05,Heraklion,Greece,Poznan,Poland
2025-09-08,,658,HER,POZ,2025-08-05,Heraklion,Greece,Poznan,Poland
2025-09-09,,998,HER,POZ,2025-08-05,Heraklion,Greece,Poznan,Poland
2025-09-10,,1139,HER,POZ,2025-08-05,Heraklion,Greece,Poznan,Poland
2025-09-11,,1139,HER,POZ,2025-08-05,Heraklion,Greece,Poznan,Poland
2025-09-12,,1652,HER,POZ,2025-08-05,Heraklion,Greece,Poznan,Poland
2025-09-13,,1139,HER,POZ,2025-08-05,Heraklion,Greece,Poznan,Poland
2025-09-14,,903,HER,POZ,2025-08-05,Heraklion,Greece,Poznan,Poland
2025-09-15,,917,HER,POZ,2025-08-05,Heraklion,Greece,Poznan,Poland
2025-09-16,,726,HER,POZ,2025-08-05,Heraklion,Greece,Poznan,Poland
2025-09-17,,964,HER,POZ,2025-08-05,Heraklion,Greece,Poznan,Poland
2025-09-18,,1112,HER,POZ,2025-08-05,Heraklion,Greece,Poznan,Poland
2025-09-19,,1139,HER,POZ,2025-08-05,Heraklion,Greece,Poznan,Poland
2025-09-20,,1231,HER,POZ,2025-08-05,Heraklion,Greece,Poznan,Poland
2025-09-21,,675,HER,POZ,2025-08-05,Heraklion,Greece,Poznan,Poland
2025-09-22,,814,HER,POZ,2025-08-05,Heraklion,Greece,Poznan,Poland
2025-09-23,,1086,HER,POZ,2025-08-05,Heraklion,Greece,Poznan,Poland
2025-09-24,,1197,HER,POZ,2025-08-05,Heraklion,Greece,Poznan,Poland
2025-09-25,,1457,HER,POZ,2025-08-05,Heraklion,Greece,Poznan,Poland
2025-09-26,,795,HER,POZ,2025-08-05,Heraklion,Greece,Poznan,Poland
2025-09-27,,937,HER,POZ,2025-08-05,Heraklion,Greece,Poznan,Poland
2025-09-28,,903,HER,POZ,2025-08-05,Heraklion,Greece,Poznan,Poland
2025-09-29,,961,HER,POZ,2025-08-05,Heraklion,Greece,Poznan,Poland
2025-09-30,,868,HER,POZ,2025-08-05,Heraklion,Greece,Poznan,Poland
2025-10-01,,1139,HER,POZ,2025-08-05,Heraklion,Greece,Poznan,Poland
2025-10-02,,1139,HER,POZ,2025-08-05,Heraklion,Greece,Poznan,Poland
2025-10-03,,1507,HER,POZ,2025-08-05,Heraklion,Greece,Poznan,Poland
2025-10-04,,903,HER,POZ,2025-08-05,Heraklion,Greece,Poznan,Poland
2025-10-05,,1148,HER,POZ,2025-08-05,Heraklion,Greece,Poznan,Poland
2025-10-06,,937,HER,POZ,2025-08-05,Heraklion,Greece,Poznan,Poland
2025-10-07,,1103,HER,POZ,2025-08-05,Heraklion,Greece,Poznan,Poland
2025-10-08,,1139,HER,POZ,2025-08-05,Heraklion,Greece,Poznan,Poland
2025-10-09,,1139,HER,POZ,2025-08-05,Heraklion,Greece,Poznan,Poland
2025-10-10,,1541,HER,POZ,2025-08-05,Heraklion,Greece,Poznan,Poland
2025-10-11,,1344,HER,POZ,2025-08-05,Heraklion,Greece,Poznan,Poland
2025-10-12,,1815,HER,POZ,2025-08-05,Heraklion,Greece,Poznan,Poland
2025-10-13,,1322,HER,POZ,2025-08-05,Heraklion,Greece,Poznan,Poland
2025-10-14,,984,HER,POZ,2025-08-05,Heraklion,Greece,Poznan,Poland
2025-10-15,,1139,HER,POZ,2025-08-05,Heraklion,Greece,Poznan,Poland
2025-10-16,,1139,HER,POZ,2025-08-05,Heraklion,Greece,Poznan,Poland
2025-10-17,,1344,HER,POZ,2025-08-05,Heraklion,Greece,Poznan,Poland
2025-10-18,,656,HER,POZ,2025-08-05,Heraklion,Greece,Poznan,Poland
2025-10-19,,1318,HER,POZ,2025-08-05,Heraklion,Greece,Poznan,Poland
2025-10-20,,1322,HER,POZ,2025-08-05,Heraklion,Greece,Poznan,Poland
2025-10-21,,1086,HER,POZ,2025-08-05,Heraklion,Greece,Poznan,Poland
2025-10-22,,1139,HER,POZ,2025-08-05,Heraklion,Greece,Poznan,Poland
2025-10-23,,1139,HER,POZ,2025-08-05,Heraklion,Greece,Poznan,Poland
2025-10-24,,1541,HER,POZ,2025-08-05,Heraklion,Greece,Poznan,Poland
2025-10-25,,1515,HER,POZ,2025-08-05,Heraklion,Greece,Poznan,Poland
2025-10-26,,1236,HER,POZ,2025-08-05,Heraklion,Greece,Poznan,Poland
2025-10-27,,912,HER,POZ,2025-08-05,Heraklion,Greece,Poznan,Poland
2025-10-28,,1630,HER,POZ,2025-08-05,Heraklion,Greece,Poznan,Poland
2025-10-29,,1344,HER,POZ,2025-08-05,Heraklion,Greece,Poznan,Poland
2025-10-30,,1840,HER,POZ,2025-08-05,Heraklion,Greece,Poznan,Poland
2025-10-31,,1553,HER,POZ,2025-08-05,Heraklion,Greece,Poznan,Poland
2025-11-01,,1575,HER,POZ,2025-08-05,Heraklion,Greece,Poznan,Poland
2025-11-02,,1631,HER,POZ,2025-08-05,Heraklion,Greece,Poznan,Poland
2025-11-03,,1643,HER,POZ,2025-08-05,Heraklion,Greece,Poznan,Poland
2025-11-04,,1220,HER,POZ,2025-08-05,Heraklion,Greece,Poznan,Poland
2025-11-05,,1077,HER,POZ,2025-08-05,Heraklion,Greece,Poznan,Poland
2025-11-06,,1077,HER,POZ,2025-08-05,Heraklion,Greece,Poznan,Poland
2025-11-07,,1306,HER,POZ,2025-08-05,Heraklion,Greece,Poznan,Poland
2025-11-08,,1082,HER,POZ,2025-08-05,Heraklion,Greece,Poznan,Poland
2025-11-09,,1206,HER,POZ,2025-08-05,Heraklion,Greece,Poznan,Poland
2025-11-10,,1197,HER,POZ,2025-08-05,Heraklion,Greece,Poznan,Poland
2025-11-11,,1117,HER,POZ,2025-08-05,Heraklion,Greece,Poznan,Poland
2025-11-12,,843,HER,POZ,2025-08-05,Heraklion,Greece,Poznan,Poland
2025-11-13,,1086,HER,POZ,2025-08-05,Heraklion,Greece,Poznan,Poland
2025-11-14,,1077,HER,POZ,2025-08-05,Heraklion,Greece,Poznan,Poland
2025-11-15,,843,HER,POZ,2025-08-05,Heraklion,Greece,Poznan,Poland
2025-11-16,,1036,HER,POZ,2025-08-05,Heraklion,Greece,Poznan,Poland
2025-11-17,,521,HER,POZ,2025-08-05,Heraklion,Greece,Poznan,Poland
2025-11-18,,843,HER,POZ,2025-08-05,Heraklion,Greece,Poznan,Poland
2025-11-19,,555,HER,POZ,2025-08-05,Heraklion,Greece,Poznan,Poland
2025-11-20,,902,HER,POZ,2025-08-05,Heraklion,Greece,Poznan,Poland
2025-11-21,,748,HER,POZ,2025-08-05,Heraklion,Greece,Poznan,Poland
2025-11-22,,782,HER,POZ,2025-08-05,Heraklion,Greece,Poznan,Poland
2025-11-23,,748,HER,POZ,2025-08-05,Heraklion,Greece,Poznan,Poland
2025-11-24,,521,HER,POZ,2025-08-05,Heraklion,Greece,Poznan,Poland
2025-11-25,,843,HER,POZ,2025-08-05,Heraklion,Greece,Poznan,Poland
2025-08-05,,8005,RHO,WAW,2025-08-05,Rhodes,Greece,Warsaw,Poland
2025-08-06,,853,RHO,WAW,2025-08-05,Rhodes,Greece,Warsaw,Poland
2025-08-07,,621,RHO,WAW,2025-08-05,Rhodes,Greece,Warsaw,Poland
2025-08-08,,733,RHO,WAW,2025-08-05,Rhodes,Greece,Warsaw,Poland
2025-08-09,,749,RHO,WAW,2025-08-05,Rhodes,Greece,Warsaw,Poland
2025-08-10,,621,RHO,WAW,2025-08-05,Rhodes,Greece,Warsaw,Poland
2025-08-11,,853,RHO,WAW,2025-08-05,Rhodes,Greece,Warsaw,Poland
2025-08-12,,853,RHO,WAW,2025-08-05,Rhodes,Greece,Warsaw,Poland
2025-08-13,,853,RHO,WAW,2025-08-05,Rhodes,Greece,Warsaw,Poland
2025-08-14,,472,RHO,WAW,2025-08-05,Rhodes,Greece,Warsaw,Poland
2025-08-15,,853,RHO,WAW,2025-08-05,Rhodes,Greece,Warsaw,Poland
2025-08-16,,853,RHO,WAW,2025-08-05,Rhodes,Greece,Warsaw,Poland
2025-08-17,,853,RHO,WAW,2025-08-05,Rhodes,Greece,Warsaw,Poland
2025-08-18,,853,RHO,WAW,2025-08-05,Rhodes,Greece,Warsaw,Poland
2025-08-19,,853,RHO,WAW,2025-08-05,Rhodes,Greece,Warsaw,Poland
2025-08-20,,733,RHO,WAW,2025-08-05,Rhodes,Greece,Warsaw,Poland
2025-08-21,,686,RHO,WAW,2025-08-05,Rhodes,Greece,Warsaw,Poland
2025-08-22,,853,RHO,WAW,2025-08-05,Rhodes,Greece,Warsaw,Poland
2025-08-23,,853,RHO,WAW,2025-08-05,Rhodes,Greece,Warsaw,Poland
2025-08-24,,686,RHO,WAW,2025-08-05,Rhodes,Greece,Warsaw,Poland
2025-08-25,,678,RHO,WAW,2025-08-05,Rhodes,Greece,Warsaw,Poland
2025-08-26,,733,RHO,WAW,2025-08-05,Rhodes,Greece,Warsaw,Poland
2025-08-27,,716,RHO,WAW,2025-08-05,Rhodes,Greece,Warsaw,Poland
2025-08-28,,678,RHO,WAW,2025-08-05,Rhodes,Greece,Warsaw,Poland
2025-08-29,,853,RHO,WAW,2025-08-05,Rhodes,Greece,Warsaw,Poland
2025-08-30,,853,RHO,WAW,2025-08-05,Rhodes,Greece,Warsaw,Poland
2025-08-31,,621,RHO,WAW,2025-08-05,Rhodes,Greece,Warsaw,Poland
2025-09-01,,678,RHO,WAW,2025-08-05,Rhodes,Greece,Warsaw,Poland
2025-09-02,,673,RHO,WAW,2025-08-05,Rhodes,Greece,Warsaw,Poland
2025-09-03,,528,RHO,WAW,2025-08-05,Rhodes,Greece,Warsaw,Poland
2025-09-04,,472,RHO,WAW,2025-08-05,Rhodes,Greece,Warsaw,Poland
2025-09-05,,626,RHO,WAW,2025-08-05,Rhodes,Greece,Warsaw,Poland
2025-09-06,,626,RHO,WAW,2025-08-05,Rhodes,Greece,Warsaw,Poland
2025-09-07,,514,RHO,WAW,2025-08-05,Rhodes,Greece,Warsaw,Poland
2025-09-08,,678,RHO,WAW,2025-08-05,Rhodes,Greece,Warsaw,Poland
2025-09-09,,528,RHO,WAW,2025-08-05,Rhodes,Greece,Warsaw,Poland
2025-09-10,,626,RHO,WAW,2025-08-05,Rhodes,Greece,Warsaw,Poland
2025-09-11,,472,RHO,WAW,2025-08-05,Rhodes,Greece,Warsaw,Poland
2025-09-12,,528,RHO,WAW,2025-08-05,Rhodes,Greece,Warsaw,Poland
2025-09-13,,999,RHO,WAW,2025-08-05,Rhodes,Greece,Warsaw,Poland
2025-09-14,,686,RHO,WAW,2025-08-05,Rhodes,Greece,Warsaw,Poland
2025-09-15,,549,RHO,WAW,2025-08-05,Rhodes,Greece,Warsaw,Poland
2025-09-16,,451,RHO,WAW,2025-08-05,Rhodes,Greece,Warsaw,Poland
2025-09-17,,451,RHO,WAW,2025-08-05,Rhodes,Greece,Warsaw,Poland
2025-09-18,,514,RHO,WAW,2025-08-05,Rhodes,Greece,Warsaw,Poland
2025-09-19,,549,RHO,WAW,2025-08-05,Rhodes,Greece,Warsaw,Poland
2025-09-20,,913,RHO,WAW,2025-08-05,Rhodes,Greece,Warsaw,Poland
2025-09-21,,571,RHO,WAW,2025-08-05,Rhodes,Greece,Warsaw,Poland
2025-09-22,,575,RHO,WAW,2025-08-05,Rhodes,Greece,Warsaw,Poland
2025-09-23,,549,RHO,WAW,2025-08-05,Rhodes,Greece,Warsaw,Poland
2025-09-24,,451,RHO,WAW,2025-08-05,Rhodes,Greece,Warsaw,Poland
2025-09-25,,549,RHO,WAW,2025-08-05,Rhodes,Greece,Warsaw,Poland
2025-09-26,,656,RHO,WAW,2025-08-05,Rhodes,Greece,Warsaw,Poland
2025-09-27,,656,RHO,WAW,2025-08-05,Rhodes,Greece,Warsaw,Poland
2025-09-28,,571,RHO,WAW,2025-08-05,Rhodes,Greece,Warsaw,Poland
2025-09-29,,656,RHO,WAW,2025-08-05,Rhodes,Greece,Warsaw,Poland
2025-09-30,,549,RHO,WAW,2025-08-05,Rhodes,Greece,Warsaw,Poland
2025-10-01,,763,RHO,WAW,2025-08-05,Rhodes,Greece,Warsaw,Poland
2025-10-02,,643,RHO,WAW,2025-08-05,Rhodes,Greece,Warsaw,Poland
2025-10-03,,643,RHO,WAW,2025-08-05,Rhodes,Greece,Warsaw,Poland
2025-10-04,,1187,RHO,WAW,2025-08-05,Rhodes,Greece,Warsaw,Poland
2025-10-05,,682,RHO,WAW,2025-08-05,Rhodes,Greece,Warsaw,Poland
2025-10-06,,536,RHO,WAW,2025-08-05,Rhodes,Greece,Warsaw,Poland
2025-10-07,,438,RHO,WAW,2025-08-05,Rhodes,Greece,Warsaw,Poland
2025-10-08,,536,RHO,WAW,2025-08-05,Rhodes,Greece,Warsaw,Poland
2025-10-09,,536,RHO,WAW,2025-08-05,Rhodes,Greece,Warsaw,Poland
2025-10-10,,643,RHO,WAW,2025-08-05,Rhodes,Greece,Warsaw,Poland
2025-10-11,,1046,RHO,WAW,2025-08-05,Rhodes,Greece,Warsaw,Poland
2025-10-12,,682,RHO,WAW,2025-08-05,Rhodes,Greece,Warsaw,Poland
2025-10-13,,536,RHO,WAW,2025-08-05,Rhodes,Greece,Warsaw,Poland
2025-10-14,,438,RHO,WAW,2025-08-05,Rhodes,Greece,Warsaw,Poland
2025-10-15,,438,RHO,WAW,2025-08-05,Rhodes,Greece,Warsaw,Poland
2025-10-16,,438,RHO,WAW,2025-08-05,Rhodes,Greece,Warsaw,Poland
2025-10-17,,643,RHO,WAW,2025-08-05,Rhodes,Greece,Warsaw,Poland
2025-10-18,,699,RHO,WAW,2025-08-05,Rhodes,Greece,Warsaw,Poland
2025-10-19,,519,RHO,WAW,2025-08-05,Rhodes,Greece,Warsaw,Poland
2025-10-20,,472,RHO,WAW,2025-08-05,Rhodes,Greece,Warsaw,Poland
2025-10-21,,472,RHO,WAW,2025-08-05,Rhodes,Greece,Warsaw,Poland
2025-10-22,,374,RHO,WAW,2025-08-05,Rhodes,Greece,Warsaw,Poland
2025-10-23,,374,RHO,WAW,2025-08-05,Rhodes,Greece,Warsaw,Poland
2025-10-24,,798,RHO,WAW,2025-08-05,Rhodes,Greece,Warsaw,Poland
2025-10-25,,725,RHO,WAW,2025-08-05,Rhodes,Greece,Warsaw,Poland
2025-10-26,,725,RHO,WAW,2025-08-05,Rhodes,Greece,Warsaw,Poland
2025-10-27,,579,RHO,WAW,2025-08-05,Rhodes,Greece,Warsaw,Poland
2025-10-28,,579,RHO,WAW,2025-08-05,Rhodes,Greece,Warsaw,Poland
2025-10-29,,618,RHO,WAW,2025-08-05,Rhodes,Greece,Warsaw,Poland
2025-10-30,,472,RHO,WAW,2025-08-05,Rhodes,Greece,Warsaw,Poland
2025-10-31,,769,RHO,WAW,2025-08-05,Rhodes,Greece,Warsaw,Poland
2025-11-01,,618,RHO,WAW,2025-08-05,Rhodes,Greece,Warsaw,Poland
2025-11-02,,725,RHO,WAW,2025-08-05,Rhodes,Greece,Warsaw,Poland
2025-11-03,,455,RHO,WAW,2025-08-05,Rhodes,Greece,Warsaw,Poland
2025-11-04,,309,RHO,WAW,2025-08-05,Rhodes,Greece,Warsaw,Poland
2025-11-05,,374,RHO,WAW,2025-08-05,Rhodes,Greece,Warsaw,Poland
2025-11-06,,374,RHO,WAW,2025-08-05,Rhodes,Greece,Warsaw,Poland
2025-11-07,,662,RHO,WAW,2025-08-05,Rhodes,Greece,Warsaw,Poland
2025-11-08,,579,RHO,WAW,2025-08-05,Rhodes,Greece,Warsaw,Poland
2025-11-09,,836,RHO,WAW,2025-08-05,Rhodes,Greece,Warsaw,Poland
2025-11-10,,978,RHO,WAW,2025-08-05,Rhodes,Greece,Warsaw,Poland
2025-11-11,,725,RHO,WAW,2025-08-05,Rhodes,Greece,Warsaw,Poland
2025-11-12,,725,RHO,WAW,2025-08-05,Rhodes,Greece,Warsaw,Poland
2025-11-13,,472,RHO,WAW,2025-08-05,Rhodes,Greece,Warsaw,Poland
2025-11-14,,579,RHO,WAW,2025-08-05,Rhodes,Greece,Warsaw,Poland
2025-11-15,,519,RHO,WAW,2025-08-05,Rhodes,Greece,Warsaw,Poland
2025-11-16,,374,RHO,WAW,2025-08-05,Rhodes,Greece,Warsaw,Poland
2025-11-17,,374,RHO,WAW,2025-08-05,Rhodes,Greece,Warsaw,Poland
2025-11-18,,374,RHO,WAW,2025-08-05,Rhodes,Greece,Warsaw,Poland
2025-11-19,,618,RHO,WAW,2025-08-05,Rhodes,Greece,Warsaw,Poland
2025-11-20,,472,RHO,WAW,2025-08-05,Rhodes,Greece,Warsaw,Poland
2025-11-21,,472,RHO,WAW,2025-08-05,Rhodes,Greece,Warsaw,Poland
2025-11-22,,374,RHO,WAW,2025-08-05,Rhodes,Greece,Warsaw,Poland
2025-11-23,,472,RHO,WAW,2025-08-05,Rhodes,Greece,Warsaw,Poland
2025-11-24,,309,RHO,WAW,2025-08-05,Rhodes,Greece,Warsaw,Poland
2025-11-25,,309,RHO,WAW,2025-08-05,Rhodes,Greece,Warsaw,Poland
2025-11-26,,519,RHO,WAW,2025-08-05,Rhodes,Greece,Warsaw,Poland
2025-11-27,,309,RHO,WAW,2025-08-05,Rhodes,Greece,Warsaw,Poland
2025-11-28,,472,RHO,WAW,2025-08-05,Rhodes,Greece,Warsaw,Poland
2025-11-29,,374,RHO,WAW,2025-08-05,Rhodes,Greece,Warsaw,Poland
2025-11-30,,374,RHO,WAW,2025-08-05,Rhodes,Greece,Warsaw,Poland
2025-12-01,,374,RHO,WAW,2025-08-05,Rhodes,Greece,Warsaw,Poland
2025-12-02,,309,RHO,WAW,2025-08-05,Rhodes,Greece,Warsaw,Poland
2025-12-03,,499,RHO,WAW,2025-08-05,Rhodes,Greece,Warsaw,Poland
2025-12-04,,309,RHO,WAW,2025-08-05,Rhodes,Greece,Warsaw,Poland
2025-12-05,,519,RHO,WAW,2025-08-05,Rhodes,Greece,Warsaw,Poland
2025-12-06,,309,RHO,WAW,2025-08-05,Rhodes,Greece,Warsaw,Poland
2025-12-07,,258,RHO,WAW,2025-08-05,Rhodes,Greece,Warsaw,Poland
2025-12-08,,309,RHO,WAW,2025-08-05,Rhodes,Greece,Warsaw,Poland
2025-12-09,,374,RHO,WAW,2025-08-05,Rhodes,Greece,Warsaw,Poland
2025-12-10,,563,RHO,WAW,2025-08-05,Rhodes,Greece,Warsaw,Poland
2025-12-11,,309,RHO,WAW,2025-08-05,Rhodes,Greece,Warsaw,Poland
2025-12-12,,563,RHO,WAW,2025-08-05,Rhodes,Greece,Warsaw,Poland
2025-12-13,,455,RHO,WAW,2025-08-05,Rhodes,Greece,Warsaw,Poland
2025-12-14,,258,RHO,WAW,2025-08-05,Rhodes,Greece,Warsaw,Poland
2025-12-15,,374,RHO,WAW,2025-08-05,Rhodes,Greece,Warsaw,Poland
2025-12-16,,472,RHO,WAW,2025-08-05,Rhodes,Greece,Warsaw,Poland
2025-12-17,,563,RHO,WAW,2025-08-05,Rhodes,Greece,Warsaw,Poland
2025-12-18,,472,RHO,WAW,2025-08-05,Rhodes,Greece,Warsaw,Poland
2025-12-19,,472,RHO,WAW,2025-08-05,Rhodes,Greece,Warsaw,Poland
2025-12-20,,472,RHO,WAW,2025-08-05,Rhodes,Greece,Warsaw,Poland
2025-12-21,,579,RHO,WAW,2025-08-05,Rhodes,Greece,Warsaw,Poland
2025-12-22,,472,RHO,WAW,2025-08-05,Rhodes,Greece,Warsaw,Poland
2025-12-23,,579,RHO,WAW,2025-08-05,Rhodes,Greece,Warsaw,Poland
2025-12-24,,472,RHO,WAW,2025-08-05,Rhodes,Greece,Warsaw,Poland
2025-12-25,,374,RHO,WAW,2025-08-05,Rhodes,Greece,Warsaw,Poland
2025-12-26,,579,RHO,WAW,2025-08-05,Rhodes,Greece,Warsaw,Poland
2025-12-27,,472,RHO,WAW,2025-08-05,Rhodes,Greece,Warsaw,Poland
2025-12-28,,519,RHO,WAW,2025-08-05,Rhodes,Greece,Warsaw,Poland
2025-12-29,,374,RHO,WAW,2025-08-05,Rhodes,Greece,Warsaw,Poland
2025-12-30,,472,RHO,WAW,2025-08-05,Rhodes,Greece,Warsaw,Poland
2025-08-05,,6270,RHO,POZ,2025-08-05,Rhodes,Greece,Poznan,Poland
2025-08-06,,1179,RHO,POZ,2025-08-05,Rhodes,Greece,Poznan,Poland
2025-08-07,,1394,RHO,POZ,2025-08-05,Rhodes,Greece,Poznan,Poland
2025-08-08,,1472,RHO,POZ,2025-08-05,Rhodes,Greece,Poznan,Poland
2025-08-09,,1179,RHO,POZ,2025-08-05,Rhodes,Greece,Poznan,Poland
2025-08-10,,1179,RHO,POZ,2025-08-05,Rhodes,Greece,Poznan,Poland
2025-08-11,,1179,RHO,POZ,2025-08-05,Rhodes,Greece,Poznan,Poland
2025-08-12,,1326,RHO,POZ,2025-08-05,Rhodes,Greece,Poznan,Poland
2025-08-13,,990,RHO,POZ,2025-08-05,Rhodes,Greece,Poznan,Poland
2025-08-14,,1328,RHO,POZ,2025-08-05,Rhodes,Greece,Poznan,Poland
2025-08-15,,1695,RHO,POZ,2025-08-05,Rhodes,Greece,Poznan,Poland
2025-08-16,,1385,RHO,POZ,2025-08-05,Rhodes,Greece,Poznan,Poland
2025-08-17,,832,RHO,POZ,2025-08-05,Rhodes,Greece,Poznan,Poland
2025-08-18,,832,RHO,POZ,2025-08-05,Rhodes,Greece,Poznan,Poland
2025-08-19,,1517,RHO,POZ,2025-08-05,Rhodes,Greece,Poznan,Poland
2025-08-20,,699,RHO,POZ,2025-08-05,Rhodes,Greece,Poznan,Poland
2025-08-21,,992,RHO,POZ,2025-08-05,Rhodes,Greece,Poznan,Poland
2025-08-22,,1695,RHO,POZ,2025-08-05,Rhodes,Greece,Poznan,Poland
2025-08-23,,1134,RHO,POZ,2025-08-05,Rhodes,Greece,Poznan,Poland
2025-08-24,,699,RHO,POZ,2025-08-05,Rhodes,Greece,Poznan,Poland
2025-08-25,,592,RHO,POZ,2025-08-05,Rhodes,Greece,Poznan,Poland
2025-08-26,,1167,RHO,POZ,2025-08-05,Rhodes,Greece,Poznan,Poland
2025-08-27,,626,RHO,POZ,2025-08-05,Rhodes,Greece,Poznan,Poland
2025-08-28,,718,RHO,POZ,2025-08-05,Rhodes,Greece,Poznan,Poland
2025-08-29,,1125,RHO,POZ,2025-08-05,Rhodes,Greece,Poznan,Poland
2025-08-30,,1192,RHO,POZ,2025-08-05,Rhodes,Greece,Poznan,Poland
2025-08-31,,832,RHO,POZ,2025-08-05,Rhodes,Greece,Poznan,Poland
2025-09-01,,592,RHO,POZ,2025-08-05,Rhodes,Greece,Poznan,Poland
2025-09-02,,1167,RHO,POZ,2025-08-05,Rhodes,Greece,Poznan,Poland
2025-09-03,,626,RHO,POZ,2025-08-05,Rhodes,Greece,Poznan,Poland
2025-09-04,,1170,RHO,POZ,2025-08-05,Rhodes,Greece,Poznan,Poland
2025-09-05,,1393,RHO,POZ,2025-08-05,Rhodes,Greece,Poznan,Poland
2025-09-06,,1348,RHO,POZ,2025-08-05,Rhodes,Greece,Poznan,Poland
2025-09-07,,733,RHO,POZ,2025-08-05,Rhodes,Greece,Poznan,Poland
2025-09-08,,699,RHO,POZ,2025-08-05,Rhodes,Greece,Poznan,Poland
2025-09-09,,1035,RHO,POZ,2025-08-05,Rhodes,Greece,Poznan,Poland
2025-09-10,,1170,RHO,POZ,2025-08-05,Rhodes,Greece,Poznan,Poland
2025-09-11,,1545,RHO,POZ,2025-08-05,Rhodes,Greece,Poznan,Poland
2025-09-12,,1548,RHO,POZ,2025-08-05,Rhodes,Greece,Poznan,Poland
2025-09-13,,1556,RHO,POZ,2025-08-05,Rhodes,Greece,Poznan,Poland
2025-09-14,,866,RHO,POZ,2025-08-05,Rhodes,Greece,Poznan,Poland
2025-09-15,,699,RHO,POZ,2025-08-05,Rhodes,Greece,Poznan,Poland
2025-09-16,,1170,RHO,POZ,2025-08-05,Rhodes,Greece,Poznan,Poland
2025-09-17,,498,RHO,POZ,2025-08-05,Rhodes,Greece,Poznan,Poland
2025-09-18,,1170,RHO,POZ,2025-08-05,Rhodes,Greece,Poznan,Poland
2025-09-19,,1125,RHO,POZ,2025-08-05,Rhodes,Greece,Poznan,Poland
2025-09-20,,1539,RHO,POZ,2025-08-05,Rhodes,Greece,Poznan,Poland
2025-09-21,,832,RHO,POZ,2025-08-05,Rhodes,Greece,Poznan,Poland
2025-09-22,,825,RHO,POZ,2025-08-05,Rhodes,Greece,Poznan,Poland
2025-09-23,,1037,RHO,POZ,2025-08-05,Rhodes,Greece,Poznan,Poland
2025-09-24,,592,RHO,POZ,2025-08-05,Rhodes,Greece,Poznan,Poland
2025-09-25,,1517,RHO,POZ,2025-08-05,Rhodes,Greece,Poznan,Poland
2025-09-26,,1695,RHO,POZ,2025-08-05,Rhodes,Greece,Poznan,Poland
2025-09-27,,1719,RHO,POZ,2025-08-05,Rhodes,Greece,Poznan,Poland
2025-09-28,,930,RHO,POZ,2025-08-05,Rhodes,Greece,Poznan,Poland
2025-09-29,,920,RHO,POZ,2025-08-05,Rhodes,Greece,Poznan,Poland
2025-09-30,,1170,RHO,POZ,2025-08-05,Rhodes,Greece,Poznan,Poland
2025-10-01,,699,RHO,POZ,2025-08-05,Rhodes,Greece,Poznan,Poland
2025-10-02,,1532,RHO,POZ,2025-08-05,Rhodes,Greece,Poznan,Poland
2025-10-03,,1533,RHO,POZ,2025-08-05,Rhodes,Greece,Poznan,Poland
2025-10-04,,1667,RHO,POZ,2025-08-05,Rhodes,Greece,Poznan,Poland
2025-10-05,,1170,RHO,POZ,2025-08-05,Rhodes,Greece,Poznan,Poland
2025-10-06,,1301,RHO,POZ,2025-08-05,Rhodes,Greece,Poznan,Poland
2025-10-07,,1434,RHO,POZ,2025-08-05,Rhodes,Greece,Poznan,Poland
2025-10-08,,1335,RHO,POZ,2025-08-05,Rhodes,Greece,Poznan,Poland
2025-10-09,,1533,RHO,POZ,2025-08-05,Rhodes,Greece,Poznan,Poland
2025-10-10,,1366,RHO,POZ,2025-08-05,Rhodes,Greece,Poznan,Poland
2025-10-11,,1366,RHO,POZ,2025-08-05,Rhodes,Greece,Poznan,Poland
2025-10-12,,1434,RHO,POZ,2025-08-05,Rhodes,Greece,Poznan,Poland
2025-10-13,,1401,RHO,POZ,2025-08-05,Rhodes,Greece,Poznan,Poland
2025-10-14,,1434,RHO,POZ,2025-08-05,Rhodes,Greece,Poznan,Poland
2025-10-15,,1335,RHO,POZ,2025-08-05,Rhodes,Greece,Poznan,Poland
2025-10-16,,1366,RHO,POZ,2025-08-05,Rhodes,Greece,Poznan,Poland
2025-10-17,,1366,RHO,POZ,2025-08-05,Rhodes,Greece,Poznan,Poland
2025-10-18,,1350,RHO,POZ,2025-08-05,Rhodes,Greece,Poznan,Poland
2025-10-19,,1434,RHO,POZ,2025-08-05,Rhodes,Greece,Poznan,Poland
2025-10-20,,1037,RHO,POZ,2025-08-05,Rhodes,Greece,Poznan,Poland
2025-10-21,,1434,RHO,POZ,2025-08-05,Rhodes,Greece,Poznan,Poland
2025-10-22,,1434,RHO,POZ,2025-08-05,Rhodes,Greece,Poznan,Poland
2025-10-23,,1739,RHO,POZ,2025-08-05,Rhodes,Greece,Poznan,Poland
2025-10-24,,1219,RHO,POZ,2025-08-05,Rhodes,Greece,Poznan,Poland
2025-10-25,,1622,RHO,POZ,2025-08-05,Rhodes,Greece,Poznan,Poland
2025-10-26,,1999,RHO,POZ,2025-08-05,Rhodes,Greece,Poznan,Poland
2025-10-27,,1185,RHO,POZ,2025-08-05,Rhodes,Greece,Poznan,Poland
2025-10-28,,1366,RHO,POZ,2025-08-05,Rhodes,Greece,Poznan,Poland
2025-10-29,,1366,RHO,POZ,2025-08-05,Rhodes,Greece,Poznan,Poland
2025-10-30,,1434,RHO,POZ,2025-08-05,Rhodes,Greece,Poznan,Poland
2025-10-31,,1845,RHO,POZ,2025-08-05,Rhodes,Greece,Poznan,Poland
2025-11-01,,1884,RHO,POZ,2025-08-05,Rhodes,Greece,Poznan,Poland
2025-11-02,,1871,RHO,POZ,2025-08-05,Rhodes,Greece,Poznan,Poland
2025-11-03,,1401,RHO,POZ,2025-08-05,Rhodes,Greece,Poznan,Poland
2025-11-04,,942,RHO,POZ,2025-08-05,Rhodes,Greece,Poznan,Poland
2025-11-05,,882,RHO,POZ,2025-08-05,Rhodes,Greece,Poznan,Poland
2025-11-06,,1434,RHO,POZ,2025-08-05,Rhodes,Greece,Poznan,Poland
2025-11-07,,1366,RHO,POZ,2025-08-05,Rhodes,Greece,Poznan,Poland
2025-11-08,,1170,RHO,POZ,2025-08-05,Rhodes,Greece,Poznan,Poland
2025-11-09,,1366,RHO,POZ,2025-08-05,Rhodes,Greece,Poznan,Poland
2025-11-10,,1436,RHO,POZ,2025-08-05,Rhodes,Greece,Poznan,Poland
2025-11-11,,1178,RHO,POZ,2025-08-05,Rhodes,Greece,Poznan,Poland
2025-11-12,,882,RHO,POZ,2025-08-05,Rhodes,Greece,Poznan,Poland
2025-11-13,,1335,RHO,POZ,2025-08-05,Rhodes,Greece,Poznan,Poland
2025-11-14,,1366,RHO,POZ,2025-08-05,Rhodes,Greece,Poznan,Poland
2025-11-15,,1284,RHO,POZ,2025-08-05,Rhodes,Greece,Poznan,Poland
2025-11-16,,1284,RHO,POZ,2025-08-05,Rhodes,Greece,Poznan,Poland
2025-11-17,,1088,RHO,POZ,2025-08-05,Rhodes,Greece,Poznan,Poland
2025-11-18,,882,RHO,POZ,2025-08-05,Rhodes,Greece,Poznan,Poland
2025-11-19,,1286,RHO,POZ,2025-08-05,Rhodes,Greece,Poznan,Poland
2025-11-20,,1088,RHO,POZ,2025-08-05,Rhodes,Greece,Poznan,Poland
2025-11-21,,1335,RHO,POZ,2025-08-05,Rhodes,Greece,Poznan,Poland
